ts,balance_usd,equity_usd,open_positions,equity_peak_usd,drawdown_usd,drawdown_pct
2026-03-24 06:55:00+00:00,10000.0,10000.0,0,10000.0,0.0,0.0
2026-03-24 07:00:00+00:00,10000.0,10000.0,0,10000.0,0.0,0.0
2026-03-24 07:05:00+00:00,10000.0,9994.923159802856,1,10000.0,-5.076840197143611,-0.05076840197143495
2026-03-24 07:10:00+00:00,10000.0,9973.943157235366,1,10000.0,-26.056842764633984,-0.2605684276463349
2026-03-24 07:15:00+00:00,10000.0,9996.37923503633,1,10000.0,-3.6207649636708084,-0.036207649636710304
2026-03-24 07:20:00+00:00,10000.0,9992.010527695264,1,10000.0,-7.98947230473641,-0.079894723047369
2026-03-24 07:25:00+00:00,10000.0,10000.244476116839,2,10000.244476116839,0.0,0.0
2026-03-24 07:30:00+00:00,10000.0,9985.293268725562,3,10000.244476116839,-14.951207391277421,-0.14950841878901278
2026-03-24 07:35:00+00:00,10000.0,10026.147213797076,3,10026.147213797076,0.0,0.0
2026-03-24 07:40:00+00:00,10000.0,10049.772340184894,3,10049.772340184894,0.0,0.0
2026-03-24 07:45:00+00:00,10000.0,10026.66784272256,3,10049.772340184894,-23.10449746233462,-0.22990070501347493
2026-03-24 07:50:00+00:00,10000.0,10044.43103373985,3,10049.772340184894,-5.34130644504512,-0.053148531770097485
2026-03-24 07:55:00+00:00,10000.0,10042.701004539798,3,10049.772340184894,-7.071335645096042,-0.07036314262384158
2026-03-24 08:00:00+00:00,10000.0,10003.613704375224,3,10049.772340184894,-46.15863580967016,-0.45930031295435825
2026-03-24 08:05:00+00:00,10000.0,10001.342998847507,3,10049.772340184894,-48.429341337387086,-0.48189490963629344
2026-03-24 08:10:00+00:00,10000.0,9987.569519878862,3,10049.772340184894,-62.20282030603266,-0.6189475562278113
2026-03-24 08:15:00+00:00,10000.0,9930.578502920416,3,10049.772340184894,-119.19383726447813,-1.1860351979106176
2026-03-24 08:20:00+00:00,10000.0,9919.512788498341,3,10049.772340184894,-130.2595516865531,-1.2961443033460474
2026-03-24 08:25:00+00:00,10000.0,9897.21624004574,3,10049.772340184894,-152.5561001391543,-1.5180055326143638
2026-03-24 08:30:00+00:00,10000.0,9878.923988902341,4,10049.772340184894,-170.84835128255327,-1.7000221049724762
2026-03-24 08:35:00+00:00,9999.623055054379,9889.242625371353,4,10049.772340184894,-160.52971481354143,-1.5973467794056284
2026-03-24 08:40:00+00:00,10000.060035985032,9894.005942433116,4,10049.772340184894,-155.76639775177864,-1.5499495160595123
2026-03-24 08:45:00+00:00,9998.117688569579,9864.892222718932,4,10049.772340184894,-184.88011746596203,-1.8396448318207415
2026-03-24 08:50:00+00:00,9997.188458680139,9819.846168465345,4,10049.772340184894,-229.92617171954953,-2.2878744307487375
2026-03-24 08:55:00+00:00,9996.939961214533,9794.875613941578,4,10049.772340184894,-254.89672624331615,-2.536343288335885
2026-03-24 09:00:00+00:00,9996.920121376665,9805.933993870802,4,10049.772340184894,-243.83834631409263,-2.4263071645820644
2026-03-24 09:05:00+00:00,9996.519154872405,9797.86527718995,3,10049.772340184894,-251.90706299494377,-2.5065947214313655
2026-03-24 09:10:00+00:00,9996.519154872405,9762.941332100054,4,10049.772340184894,-286.8310080848405,-2.8541045346661353
2026-03-24 09:15:00+00:00,9993.4877424703,9782.374914576081,4,10049.772340184894,-267.39742560881314,-2.660731174372988
2026-03-24 09:20:00+00:00,9991.638416614047,9758.198118203649,4,10049.772340184894,-291.5742219812455,-2.901301761984798
2026-03-24 09:25:00+00:00,9990.078277366947,9752.200662016172,4,10049.772340184894,-297.5716781687224,-2.9609792948130376
2026-03-24 09:30:00+00:00,9989.657349957073,9760.547117887872,4,10049.772340184894,-289.2252222970219,-2.8779281013215585
2026-03-24 09:35:00+00:00,9989.484991796875,9773.924472803306,4,10049.772340184894,-275.847867381588,-2.7448170768862745
2026-03-24 09:40:00+00:00,9989.43973525297,9807.45024384048,4,10049.772340184894,-242.3220963444146,-2.4112197584364004
2026-03-24 09:45:00+00:00,9989.458038461227,9816.215907207119,3,10049.772340184894,-233.55643297777533,-2.32399725159822
2026-03-24 09:50:00+00:00,9989.458038461227,9816.639359174758,4,10049.772340184894,-233.13298101013606,-2.3197837037355895
2026-03-24 09:55:00+00:00,9984.733070245604,9847.745358709033,4,10049.772340184894,-202.02698147586125,-2.010264259102057
2026-03-24 10:00:00+00:00,9982.882375293617,9815.317740491684,4,10049.772340184894,-234.45459969321018,-2.3329344362928772
2026-03-24 10:05:00+00:00,9982.528979231485,9841.314203779368,4,10049.772340184894,-208.4581364055266,-2.074257300058313
2026-03-24 10:10:00+00:00,9982.794288530797,9825.40681184223,5,10049.772340184894,-224.36552834266513,-2.2325433925057148
2026-03-24 10:15:00+00:00,9974.067777839055,9841.78594004832,5,10049.772340184894,-207.98640013657496,-2.0695633005030634
2026-03-24 10:20:00+00:00,9966.469464803786,9811.910300037807,5,10049.772340184894,-237.8620401470871,-2.3668400844860438
2026-03-24 10:25:00+00:00,9960.592621596197,9759.806065064036,5,10049.772340184894,-289.966275120858,-2.8853019282974457
2026-03-24 10:30:00+00:00,9953.95514651147,9740.409165593126,5,10049.772340184894,-309.36317459176826,-3.0783102752960145
2026-03-24 10:35:00+00:00,9955.767423793623,9790.66433317401,5,10049.772340184894,-259.10800701088374,-2.5782475288004036
2026-03-24 10:40:00+00:00,9957.120479882176,9808.12708684131,5,10049.772340184894,-241.64525334358405,-2.4044848496452387
2026-03-24 10:45:00+00:00,9956.366257326172,9764.413853066415,4,10049.772340184894,-285.3584871184794,-2.8394522528380928
2026-03-24 10:50:00+00:00,9956.601620191808,9773.84617404136,5,10049.772340184894,-275.9261661435339,-2.7455961866938883
2026-03-24 10:55:00+00:00,9956.038440058253,9823.712183315469,5,10049.772340184894,-226.06015686942555,-2.249405749874589
2026-03-24 11:00:00+00:00,9954.595044296648,9802.453743577127,5,10049.772340184894,-247.31859660776718,-2.4609373052048356
2026-03-24 11:05:00+00:00,9960.214912027028,9854.905005397095,6,10049.772340184894,-194.86733478779934,-1.9390223797270068
2026-03-24 11:10:00+00:00,9965.607906846219,9859.111663179046,6,10049.772340184894,-190.6606770058479,-1.8971641401614114
2026-03-24 11:15:00+00:00,9966.16377958505,9852.695570769316,6,10049.772340184894,-197.07676941557838,-1.9610073019022511
2026-03-24 11:20:00+00:00,9967.441148340164,9845.785980563993,6,10049.772340184894,-203.98635962090157,-2.029761000706898
2026-03-24 11:25:00+00:00,9968.682104639718,9848.016554344737,5,10049.772340184894,-201.75578584015784,-2.0075657339362785
2026-03-24 11:30:00+00:00,9969.097546432475,9867.653238403993,6,10049.772340184894,-182.11910178090147,-1.8121714165870384
2026-03-24 11:35:00+00:00,9969.92451373069,9868.915643557908,5,10049.772340184894,-180.85669662698638,-1.7996098867216648
2026-03-24 11:40:00+00:00,9968.70956238909,9857.052530525942,5,10049.772340184894,-192.71980965895273,-1.9176534864212336
2026-03-24 11:45:00+00:00,9967.720991350716,9867.016395395254,5,10049.772340184894,-182.75594478964013,-1.8185083064904295
2026-03-24 11:50:00+00:00,9967.808221180778,9806.432195194207,7,10049.772340184894,-243.3401449906869,-2.421349825186292
2026-03-24 11:55:00+00:00,9973.101047944103,9843.34242240033,7,10049.772340184894,-206.42991778456417,-2.0540755630765517
2026-03-24 12:00:00+00:00,9971.10832253359,9808.287302741306,7,10049.772340184894,-241.48503744358823,-2.402890625472076
2026-03-24 12:05:00+00:00,9968.105675992916,9805.011780458997,6,10049.772340184894,-244.7605597258971,-2.4354836253076106
2026-03-24 12:10:00+00:00,9965.942055122398,9820.401830319812,6,10049.772340184894,-229.37050986508257,-2.282345331823332
2026-03-24 12:15:00+00:00,9964.728250496604,9812.594176432323,6,10049.772340184894,-237.17816375257098,-2.3600351900927463
2026-03-24 12:20:00+00:00,9963.312802187293,9837.933932461567,6,10049.772340184894,-211.8384077233277,-2.107892602464967
2026-03-24 12:25:00+00:00,9962.186837244062,9880.696646936196,4,10049.772340184894,-169.07569324869837,-1.6823833170094282
2026-03-24 12:30:00+00:00,9962.186837244062,9849.45673349518,6,10049.772340184894,-200.3156066897136,-1.9932352685118504
2026-03-24 12:35:00+00:00,9941.168005230109,9831.485327735665,5,10049.772340184894,-218.28701244922922,-2.1720592771677927
2026-03-24 12:40:00+00:00,9932.41372283436,9844.596274871536,5,10049.772340184894,-205.17606531335878,-2.041599136459482
2026-03-24 12:45:00+00:00,9931.026306512482,9805.201160790655,5,10049.772340184894,-244.57117939423915,-2.4335992012107566
2026-03-24 12:50:00+00:00,9930.987715220457,9801.029078975396,5,10049.772340184894,-248.7432612094981,-2.475113393513173
2026-03-24 12:55:00+00:00,9930.653609464516,9800.889636786305,5,10049.772340184894,-248.882703398589,-2.4765009094127377
2026-03-24 13:00:00+00:00,9930.432787742979,9789.113871543677,6,10049.772340184894,-260.65846864121704,-2.5936753571914384
2026-03-24 13:05:00+00:00,9909.3970847163,9712.966724925625,5,10049.772340184894,-336.80561525926896,-3.351375572086568
2026-03-24 13:15:00+00:00,9900.233639725473,9714.489582030632,6,10049.772340184894,-335.2827581542624,-3.336222421811541
2026-03-24 13:20:00+00:00,9891.272453039512,9716.22094287974,6,10049.772340184894,-333.55139730515475,-3.3189945604182536
2026-03-24 13:25:00+00:00,9875.682543613693,9714.134581879076,6,10049.772340184894,-335.63775830581835,-3.3397548416469247
2026-03-24 13:30:00+00:00,9867.954944271985,9779.618142942072,6,10049.772340184894,-270.1541972428222,-2.6881623592863613
2026-03-24 13:35:00+00:00,9862.613948409611,9789.51095581688,6,10049.772340184894,-260.26138436801375,-2.5897241803909954
2026-03-24 13:40:00+00:00,9858.86566138918,9743.657453117969,5,10049.772340184894,-306.1148870669258,-3.045988274210931
2026-03-24 13:45:00+00:00,9856.291294051618,9757.059665741195,6,10049.772340184894,-292.71267444369914,-2.9126299037965486
2026-03-24 13:50:00+00:00,9851.312191324076,9769.182968098146,5,10049.772340184894,-280.58937208674797,-2.7919972969416063
2026-03-24 13:55:00+00:00,9847.68371421514,9746.501466784204,5,10049.772340184894,-303.2708734006901,-3.017688989710099
2026-03-24 14:00:00+00:00,9849.049783956507,9784.329830245348,5,10049.772340184894,-265.44250993954665,-2.641278836518035
2026-03-24 14:05:00+00:00,9850.377435126842,9791.698962971846,5,10049.772340184894,-258.07337721304793,-2.567952471730317
2026-03-24 14:10:00+00:00,9851.173567165763,9803.364200566919,5,10049.772340184894,-246.4081396179754,-2.451877826452753
2026-03-24 14:15:00+00:00,9852.354059595971,9846.393404788492,5,10049.772340184894,-203.37893539640208,-2.0237168416559426
2026-03-24 14:20:00+00:00,9853.2451026788,9837.754278851364,4,10049.772340184894,-212.01806133353057,-2.10968024107131
2026-03-24 14:25:00+00:00,9853.2451026788,9832.676184543632,4,10049.772340184894,-217.09615564126216,-2.160209687270076
2026-03-24 14:30:00+00:00,9853.2451026788,9827.042350787884,4,10049.772340184894,-222.72998939701029,-2.2162690044868483
2026-03-24 14:35:00+00:00,9853.2451026788,9829.83666375062,4,10049.772340184894,-219.93567643427377,-2.1884642655519815
2026-03-24 14:40:00+00:00,9853.2451026788,9858.698552474178,4,10049.772340184894,-191.07378771071672,-1.901274787556051
2026-03-24 14:45:00+00:00,9853.2451026788,9839.727368622474,4,10049.772340184894,-210.04497156241996,-2.0900470622855494
2026-03-24 14:50:00+00:00,9853.2451026788,9912.26362558287,4,10049.772340184894,-137.50871460202507,-1.368276911628974
2026-03-24 14:55:00+00:00,9853.2451026788,9861.38918463155,5,10049.772340184894,-188.3831555533452,-1.874501721796007
2026-03-24 15:00:00+00:00,9841.388343533601,9831.758140305554,6,10049.772340184894,-218.0141998793406,-2.1693446627401913
2026-03-24 15:05:00+00:00,9829.360341700421,9853.731908128926,6,10049.772340184894,-196.04043205596827,-1.9506952537828526
2026-03-24 15:10:00+00:00,9822.23100036702,9852.48263466498,6,10049.772340184894,-197.2897055199137,-1.963126117106484
2026-03-24 15:15:00+00:00,9819.091964186386,9842.627725058266,6,10049.772340184894,-207.1446151266282,-2.061187140512055
2026-03-24 15:20:00+00:00,9818.296041706693,9873.76277414695,6,10049.772340184894,-176.00956603794475,-1.7513786390379704
2026-03-24 15:25:00+00:00,9817.428351093491,9859.907083572603,6,10049.772340184894,-189.86525661229098,-1.8892493300877833
2026-03-24 15:30:00+00:00,9816.548454444443,9857.336799105924,5,10049.772340184894,-192.43554107897035,-1.91482487926119
2026-03-24 15:35:00+00:00,9816.27352698949,9864.418569475123,4,10049.772340184894,-185.3537707097712,-1.8443579061847792
2026-03-24 15:40:00+00:00,9816.27352698949,9854.019380299167,4,10049.772340184894,-195.75295988572725,-1.9478347693807185
2026-03-24 15:45:00+00:00,9816.27352698949,9832.527641268542,4,10049.772340184894,-217.24469891635272,-2.1616877632907205
2026-03-24 15:50:00+00:00,9816.27352698949,9833.06277218342,4,10049.772340184894,-216.7095680014736,-2.156362956949198
2026-03-24 15:55:00+00:00,9816.27352698949,9834.38067188171,5,10049.772340184894,-215.3916683031839,-2.143249230053912
2026-03-24 16:00:00+00:00,9815.449664574846,9823.283683222335,5,10049.772340184894,-226.48865696255962,-2.2536695289795294
2026-03-24 16:05:00+00:00,9819.519080774258,9850.876791481265,5,10049.772340184894,-198.89554870362917,-1.9791050182134784
2026-03-24 16:10:00+00:00,9821.881044939333,9847.549815603234,5,10049.772340184894,-202.22252458166076,-2.012210005723769
2026-03-24 16:15:00+00:00,9822.099518424828,9851.686864889158,5,10049.772340184894,-198.08547529573661,-1.971044403699318
2026-03-24 16:20:00+00:00,9822.571990198201,9879.676169864246,5,10049.772340184894,-170.09617032064853,-1.6925375477462756
2026-03-24 16:25:00+00:00,9823.356744136388,9894.952337788573,5,10049.772340184894,-154.8200023963218,-1.5405324335284742
2026-03-24 16:30:00+00:00,9824.221385121704,9882.527217893652,4,10049.772340184894,-167.2451222912423,-1.6641682679964576
2026-03-24 16:35:00+00:00,9824.221385121704,9823.00089663939,4,10049.772340184894,-226.77144354550364,-2.2564833895663328
2026-03-24 16:40:00+00:00,9824.221385121704,9864.61901221984,4,10049.772340184894,-185.1533279650539,-1.8423634058326144
2026-03-24 16:45:00+00:00,9824.221385121704,9876.773667428739,4,10049.772340184894,-172.99867275615543,-1.7214188232344885
2026-03-24 16:50:00+00:00,9824.221385121704,9875.069370484547,4,10049.772340184894,-174.70296970034724,-1.7383773859411922
2026-03-24 16:55:00+00:00,9824.221385121704,9868.978856732843,4,10049.772340184894,-180.79348345205108,-1.7989808856577971
2026-03-24 17:00:00+00:00,9824.221385121704,9810.808079038852,4,10049.772340184894,-238.9642611460422,-2.377807706056412
2026-03-24 17:05:00+00:00,9824.221385121704,9760.145653790769,4,10049.772340184894,-289.6266863941255,-2.8819228594465507
2026-03-24 17:10:00+00:00,9824.221385121704,9734.066723669594,5,10049.772340184894,-315.7056165153008,-3.1414205797769545
2026-03-24 17:15:00+00:00,9823.77940811555,9746.79156416325,6,10049.772340184894,-302.9807760216445,-3.014802383235582
2026-03-24 17:20:00+00:00,9828.206755105417,9766.718929152172,6,10049.772340184894,-283.0534110327226,-2.8165156528064728
2026-03-24 17:25:00+00:00,9832.698425128385,9778.07035113866,6,10049.772340184894,-271.7019890462343,-2.703563621633598
2026-03-24 17:30:00+00:00,9834.001331181362,9798.625376342727,6,10049.772340184894,-251.14696384216768,-2.499031374451488
2026-03-24 17:35:00+00:00,9834.790700324558,9798.996151926409,6,10049.772340184894,-250.7761882584855,-2.495341981586341
2026-03-24 17:40:00+00:00,9835.202742158095,9772.873780386586,6,10049.772340184894,-276.89855979830827,-2.7552719646305346
2026-03-24 17:45:00+00:00,9835.585743039555,9780.79728023613,5,10049.772340184894,-268.9750599487652,-2.6764293841089803
2026-03-24 17:50:00+00:00,9835.585743039555,9782.401682814589,6,10049.772340184894,-267.3706573703057,-2.660464817707364
2026-03-24 17:55:00+00:00,9839.036687959162,9806.085568282962,6,10049.772340184894,-243.68677190193193,-2.424798927310312
2026-03-24 18:00:00+00:00,9839.764347950528,9803.254983690558,6,10049.772340184894,-246.51735649433613,-2.452964586158979
2026-03-24 18:05:00+00:00,9838.350540867685,9806.8455032597,6,10049.772340184894,-242.92683692519495,-2.4172372139598663
2026-03-24 18:10:00+00:00,9838.249349385116,9799.109549061992,6,10049.772340184894,-250.6627911229025,-2.494213626318731
2026-03-24 18:15:00+00:00,9837.980955526566,9788.761709802026,6,10049.772340184894,-261.01063038286884,-2.597179533502414
2026-03-24 18:20:00+00:00,9837.705276436689,9792.663536671898,6,10049.772340184894,-257.108803512996,-2.558354506051086
2026-03-24 18:25:00+00:00,9837.480357044955,9794.752890385582,5,10049.772340184894,-255.0194497993125,-2.5375644459088353
2026-03-24 18:30:00+00:00,9837.480357044955,9792.582194911529,6,10049.772340184894,-257.1901452733655,-2.5591638951358964
2026-03-24 18:35:00+00:00,9842.86756369874,9813.238574191166,6,10049.772340184894,-236.5337659937286,-2.3536231268436514
2026-03-24 18:40:00+00:00,9843.014710431455,9799.205587796872,6,10049.772340184894,-250.566752388022,-2.4932579953688028
2026-03-24 18:45:00+00:00,9842.434633299428,9797.322539323783,6,10049.772340184894,-252.44980086111173,-2.511995220545138
2026-03-24 18:50:00+00:00,9842.289735629318,9800.56126943687,6,10049.772340184894,-249.2110707480242,-2.4797683202387732
2026-03-24 18:55:00+00:00,9842.202781507207,9810.872126821267,6,10049.772340184894,-238.9002133636277,-2.377170400252393
2026-03-24 19:00:00+00:00,9842.13032451421,9782.961108004545,6,10049.772340184894,-266.8112321803492,-2.654898271809414
2026-03-24 19:05:00+00:00,9842.450175721877,9787.794381615948,5,10049.772340184894,-261.97795856894663,-2.606804907623672
2026-03-24 19:10:00+00:00,9842.450175721877,9791.514192012259,5,10049.772340184894,-258.25814817263563,-2.56979103038949
2026-03-24 19:15:00+00:00,9842.450175721877,9791.617663554507,5,10049.772340184894,-258.15467663038726,-2.5687614394819036
2026-03-24 19:20:00+00:00,9842.450175721877,9791.092943461026,5,10049.772340184894,-258.6793967238682,-2.573982653214102
2026-03-24 19:25:00+00:00,9842.450175721877,9775.973427697032,5,10049.772340184894,-273.79891248786225,-2.7244290041581687
2026-03-24 19:30:00+00:00,9842.450175721877,9770.557702036973,5,10049.772340184894,-279.2146381479215,-2.778318042404382
2026-03-24 19:35:00+00:00,9842.450175721877,9768.546733587373,5,10049.772340184894,-281.2256065975216,-2.798328132001726
2026-03-24 19:40:00+00:00,9842.450175721877,9753.06550251262,6,10049.772340184894,-296.70683767227456,-2.9523737217993173
2026-03-24 19:45:00+00:00,9839.906413222827,9745.867996062934,6,10049.772340184894,-303.9043441219601,-3.0239923237541655
2026-03-24 19:50:00+00:00,9837.301912327332,9733.203069787327,6,10049.772340184894,-316.5692703975674,-3.1500143454169294
2026-03-24 19:55:00+00:00,9836.50608273773,9745.752339507422,6,10049.772340184894,-304.0200006774721,-3.0251431613213864
2026-03-24 20:00:00+00:00,9836.010615451853,9753.461710759762,6,10049.772340184894,-296.310629425132,-2.948431261873541
2026-03-24 20:05:00+00:00,9835.674273099477,9757.296756527145,6,10049.772340184894,-292.47558365774967,-2.9102707380570303
2026-03-24 20:10:00+00:00,9835.261995361776,9740.665878141528,6,10049.772340184894,-309.10646204336626,-3.075755863716201
2026-03-24 20:15:00+00:00,9834.976208020003,9740.267873853461,5,10049.772340184894,-309.5044663314329,-3.079716195100779
2026-03-24 20:20:00+00:00,9834.976208020003,9766.311555091925,5,10049.772340184894,-283.4607850929697,-2.8205692178670194
2026-03-24 20:25:00+00:00,9834.976208020003,9736.526876050473,5,10049.772340184894,-313.2454641344211,-3.116940897077658
2026-03-24 20:30:00+00:00,9834.976208020003,9753.147730905452,6,10049.772340184894,-296.62460927944267,-2.951555510301096
2026-03-24 20:35:00+00:00,9833.39053100279,9764.174531774272,6,10049.772340184894,-285.59780841062275,-2.8418336131718624
2026-03-24 20:40:00+00:00,9834.459156153402,9764.38136403066,6,10049.772340184894,-285.3909761542345,-2.839775534148903
2026-03-24 20:45:00+00:00,9833.915289715937,9773.597210551694,6,10049.772340184894,-276.1751296332004,-2.748073491464975
2026-03-24 20:50:00+00:00,9833.367817884237,9772.843739388074,6,10049.772340184894,-276.9286007968203,-2.7555708868100104
2026-03-24 20:55:00+00:00,9833.157533170473,9749.164785940808,6,10049.772340184894,-300.6075542440867,-2.9911877012584798
2026-03-24 21:00:00+00:00,9832.566647089707,9699.226503485897,6,10049.772340184894,-350.54583669899694,-3.4880972904959173
2026-03-24 21:05:00+00:00,9832.546675318583,9691.100656323688,5,10049.772340184894,-358.6716838612065,-3.5689533227238
2026-03-24 21:10:00+00:00,9832.546675318583,9694.240561800862,5,10049.772340184894,-355.5317783840328,-3.537709774403619
2026-03-24 21:15:00+00:00,9832.546675318583,9711.738167289921,5,10049.772340184894,-338.0341728949734,-3.363600303096559
2026-03-24 21:20:00+00:00,9832.546675318583,9697.46715252234,5,10049.772340184894,-352.3051876625541,-3.505603666799806
2026-03-24 21:25:00+00:00,9832.546675318583,9696.424637660384,5,10049.772340184894,-353.34770252451017,-3.515977183996677
2026-03-24 21:30:00+00:00,9832.546675318583,9704.227417374474,5,10049.772340184894,-345.54492281042076,-3.438335826063732
2026-03-24 21:35:00+00:00,9832.546675318583,9733.812115930243,5,10049.772340184894,-315.9602242546516,-3.1439540475086902
2026-03-24 21:40:00+00:00,9832.546675318583,9728.164761672257,5,10049.772340184894,-321.6075785126377,-3.200147900133632
2026-03-24 21:45:00+00:00,9832.546675318583,9709.802456829953,5,10049.772340184894,-339.969883354941,-3.382861540012616
2026-03-24 21:50:00+00:00,9832.546675318583,9727.164588902218,5,10049.772340184894,-322.60775128267596,-3.210100093438939
2026-03-24 21:55:00+00:00,9832.546675318583,9707.84127040059,5,10049.772340184894,-341.9310697843048,-3.4023762749038955
2026-03-24 22:00:00+00:00,9832.546675318583,9717.394908302504,5,10049.772340184894,-332.37743188239074,-3.3073130478125434
2026-03-24 22:05:00+00:00,9832.546675318583,9723.68072978079,5,10049.772340184894,-326.09161040410436,-3.2447661436090347
2026-03-24 22:10:00+00:00,9832.546675318583,9750.79001334307,5,10049.772340184894,-298.98232684182403,-2.9750159179856905
2026-03-24 22:15:00+00:00,9832.546675318583,9768.936856542858,5,10049.772340184894,-280.8354836420367,-2.794446223613356
2026-03-24 22:20:00+00:00,9832.546675318583,9765.53297398945,5,10049.772340184894,-284.23936619544475,-2.8283164690098395
2026-03-24 22:25:00+00:00,9832.546675318583,9762.611222579126,5,10049.772340184894,-287.1611176057686,-2.857389280924605
2026-03-24 22:30:00+00:00,9832.546675318583,9757.36115380414,5,10049.772340184894,-292.41118638075386,-2.9096299546162108
2026-03-24 22:35:00+00:00,9832.546675318583,9759.766923194971,5,10049.772340184894,-290.0054169899231,-2.885691408454205
2026-03-24 22:40:00+00:00,9832.546675318583,9756.916960955803,5,10049.772340184894,-292.85537922909134,-2.9140498840763085
2026-03-24 22:45:00+00:00,9832.546675318583,9755.289090928314,5,10049.772340184894,-294.48324925658017,-2.9302479627231315
2026-03-24 22:50:00+00:00,9832.546675318583,9768.108307096974,5,10049.772340184894,-281.66403308791996,-2.802690683466147
2026-03-24 22:55:00+00:00,9832.546675318583,9769.70914488486,5,10049.772340184894,-280.06319530003384,-2.7867615884210273
2026-03-24 23:00:00+00:00,9832.546675318583,9763.216017158597,5,10049.772340184894,-286.55632302629783,-2.8513712880885556
2026-03-24 23:05:00+00:00,9832.546675318583,9769.895476612855,5,10049.772340184894,-279.8768635720389,-2.7849074993761436
2026-03-24 23:10:00+00:00,9832.546675318583,9769.420822888806,5,10049.772340184894,-280.3515172960888,-2.78963052899297
2026-03-24 23:15:00+00:00,9832.546675318583,9773.740014103216,5,10049.772340184894,-276.03232608167855,-2.746652528415383
2026-03-24 23:20:00+00:00,9832.546675318583,9771.027261119585,5,10049.772340184894,-278.74507906530926,-2.7736457068855414
2026-03-24 23:25:00+00:00,9832.546675318583,9763.946370670032,5,10049.772340184894,-285.82596951486266,-2.8441039243442656
2026-03-24 23:30:00+00:00,9832.546675318583,9762.465701910352,5,10049.772340184894,-287.3066382745419,-2.858837280579196
2026-03-24 23:35:00+00:00,9832.546675318583,9760.72803045758,5,10049.772340184894,-289.0443097273146,-2.8761279354711955
2026-03-24 23:40:00+00:00,9832.546675318583,9771.693154693661,5,10049.772340184894,-278.07918549123315,-2.767019750082389
2026-03-24 23:45:00+00:00,9832.546675318583,9760.112627275801,5,10049.772340184894,-289.6597129090933,-2.8822514889303874
2026-03-24 23:50:00+00:00,9832.546675318583,9748.979131536491,5,10049.772340184894,-300.7932086484034,-2.9930350506116032
2026-03-24 23:55:00+00:00,9832.546675318583,9742.033285634854,5,10049.772340184894,-307.73905455004024,-3.0621495107856167
2026-03-25 00:00:00+00:00,9832.546675318583,9732.352652493577,5,10049.772340184894,-317.41968769131745,-3.1584764007248856
2026-03-25 00:05:00+00:00,9832.546675318583,9719.173961537625,5,10049.772340184894,-330.5983786472698,-3.289610624564532
2026-03-25 00:10:00+00:00,9832.546675318583,9747.00778233247,5,10049.772340184894,-302.76455785242433,-3.012650909929504
2026-03-25 00:15:00+00:00,9832.546675318583,9732.203424821624,5,10049.772340184894,-317.5689153632702,-3.1599612868188354
2026-03-25 00:20:00+00:00,9832.546675318583,9736.189936968267,5,10049.772340184894,-313.5824032166274,-3.1202936007091453
2026-03-25 00:25:00+00:00,9832.546675318583,9728.780222139572,5,10049.772340184894,-320.99211804532206,-3.194023776656185
2026-03-25 00:30:00+00:00,9832.546675318583,9719.598091115802,5,10049.772340184894,-330.1742490690922,-3.2853903341557467
2026-03-25 00:35:00+00:00,9832.546675318583,9717.902042514777,5,10049.772340184894,-331.870297670117,-3.3022668219368945
2026-03-25 00:40:00+00:00,9832.546675318583,9725.39578416525,5,10049.772340184894,-324.37655601964434,-3.2277005392708835
2026-03-25 00:45:00+00:00,9832.546675318583,9720.916543020128,5,10049.772340184894,-328.85579716476605,-3.2722711125485637
2026-03-25 00:50:00+00:00,9832.546675318583,9714.478001274496,5,10049.772340184894,-335.29433891039844,-3.336337655826238
2026-03-25 00:55:00+00:00,9832.546675318583,9725.359006008643,5,10049.772340184894,-324.41333417625174,-3.228066499367921
2026-03-25 01:00:00+00:00,9832.546675318583,9740.521559622142,5,10049.772340184894,-309.25078056275197,-3.077191901414378
2026-03-25 01:05:00+00:00,9832.546675318583,9727.849078887864,5,10049.772340184894,-321.92326129702997,-3.203289093522965
2026-03-25 01:10:00+00:00,9629.436108568585,9721.741516770113,4,10049.772340184894,-328.0308234147815,-3.2640622325654234
2026-03-25 01:15:00+00:00,9629.436108568585,9725.712450797733,4,10049.772340184894,-324.0598893871611,-3.2245495561265547
2026-03-25 01:20:00+00:00,9629.436108568585,9731.485378600257,4,10049.772340184894,-318.28696158463754,-3.1671061871913153
2026-03-25 01:25:00+00:00,9629.436108568585,9732.381633510813,4,10049.772340184894,-317.39070667408123,-3.158188025861708
2026-03-25 01:30:00+00:00,9629.436108568585,9716.691594133012,4,10049.772340184894,-333.08074605188267,-3.314311357283495
2026-03-25 01:35:00+00:00,9629.436108568585,9731.847192167836,4,10049.772340184894,-317.92514801705875,-3.1635059706358493
2026-03-25 01:40:00+00:00,9629.436108568585,9729.096716512262,4,10049.772340184894,-320.67562367263236,-3.1908745075784783
2026-03-25 01:45:00+00:00,9629.436108568585,9726.964651339395,4,10049.772340184894,-322.8076888454998,-3.212089566991727
2026-03-25 01:50:00+00:00,9629.436108568585,9720.701063596349,4,10049.772340184894,-329.0712765885455,-3.2744152349872158
2026-03-25 01:55:00+00:00,9629.436108568585,9706.845815803495,4,10049.772340184894,-342.92652438139885,-3.412281520151228
2026-03-25 02:00:00+00:00,9629.436108568585,9684.758129457183,4,10049.772340184894,-365.01421072771154,-3.6320644724275986
2026-03-25 02:05:00+00:00,9629.436108568585,9675.06160605108,4,10049.772340184894,-374.7107341338142,-3.728549478036436
2026-03-25 02:10:00+00:00,9629.436108568585,9689.212607129955,4,10049.772340184894,-360.559733054939,-3.587740307441689
2026-03-25 02:15:00+00:00,9629.436108568585,9709.370695477466,4,10049.772340184894,-340.4016447074282,-3.387157770194482
2026-03-25 02:20:00+00:00,9629.436108568585,9687.2661754968,4,10049.772340184894,-362.50616468809494,-3.6071082251145414
2026-03-25 02:25:00+00:00,9629.436108568585,9692.013386518094,4,10049.772340184894,-357.75895366680015,-3.559871224507938
2026-03-25 02:30:00+00:00,9629.436108568585,9690.22658204655,5,10049.772340184894,-359.54575813834344,-3.5776507762336873
2026-03-25 02:35:00+00:00,9629.436108568585,9681.945357760485,5,10049.772340184894,-367.8269824244089,-3.660052884517795
2026-03-25 02:40:00+00:00,9629.436108568585,9697.139946302137,5,10049.772340184894,-352.63239388275724,-3.508859523839414
2026-03-25 02:45:00+00:00,9629.436108568585,9705.612492749624,5,10049.772340184894,-344.1598474352704,-3.424553669331565
2026-03-25 02:50:00+00:00,9629.436108568585,9695.709083291513,5,10049.772340184894,-354.06325689338155,-3.5230972892552836
2026-03-25 02:55:00+00:00,9629.436108568585,9696.008713883466,5,10049.772340184894,-353.7636263014283,-3.520115822792058
2026-03-25 03:00:00+00:00,9635.211168068588,9696.268249166624,4,10049.772340184894,-353.5040910182706,-3.5175333236630024
2026-03-25 03:05:00+00:00,9635.211168068588,9695.062658164084,5,10049.772340184894,-354.70968202080985,-3.529529525783104
2026-03-25 03:10:00+00:00,9635.211168068588,9691.924493588873,5,10049.772340184894,-357.84784659602155,-3.5607557513033017
2026-03-25 03:15:00+00:00,9634.146398568588,9694.250221841814,4,10049.772340184894,-355.52211834308036,-3.5376136524157276
2026-03-25 03:20:00+00:00,9634.146398568588,9688.491323092476,5,10049.772340184894,-361.28101709241855,-3.594917425619726
2026-03-25 03:25:00+00:00,9636.121819068589,9682.046527446886,4,10049.772340184894,-367.72581273800824,-3.6590461981673372
2026-03-25 03:30:00+00:00,9636.121819068589,9684.114352315291,5,10049.772340184894,-365.65798786960295,-3.638470360243762
2026-03-25 03:35:00+00:00,9636.121819068589,9693.347950098962,5,10049.772340184894,-356.4243900859328,-3.5465916840796363
2026-03-25 03:40:00+00:00,9636.121819068589,9682.137021391112,5,10049.772340184894,-367.63531879378206,-3.658145740513541
2026-03-25 03:45:00+00:00,9636.121819068589,9680.980023377579,5,10049.772340184894,-368.79231680731573,-3.6696584193521176
2026-03-25 03:50:00+00:00,9636.121819068589,9692.520743227937,5,10049.772340184894,-357.25159695695766,-3.5548227846759817
2026-03-25 03:55:00+00:00,9636.121819068589,9690.823803176883,5,10049.772340184894,-358.94853700801104,-3.571708142807617
2026-03-25 04:00:00+00:00,9636.121819068589,9699.429726928229,5,10049.772340184894,-350.3426132566656,-3.48607512088398
2026-03-25 04:05:00+00:00,9636.121819068589,9675.93382002811,5,10049.772340184894,-373.8385201567835,-3.719870535394687
2026-03-25 04:10:00+00:00,9636.121819068589,9688.12942375518,5,10049.772340184894,-361.6429164297151,-3.5985184956245697
2026-03-25 04:15:00+00:00,9636.121819068589,9694.280016462806,5,10049.772340184894,-355.49232372208826,-3.5373171818093962
2026-03-25 04:20:00+00:00,9636.121819068589,9695.306861237319,5,10049.772340184894,-354.4654789475753,-3.52709958941273
2026-03-25 04:25:00+00:00,9636.121819068589,9685.13325712381,5,10049.772340184894,-364.6390830610835,-3.628331774273552
2026-03-25 04:30:00+00:00,9636.121819068589,9678.773407271234,5,10049.772340184894,-370.9989329136606,-3.6916152959026616
2026-03-25 04:45:00+00:00,9636.121819068589,9658.01621393152,5,10049.772340184894,-391.75612625337453,-3.898159211894814
2026-03-25 04:50:00+00:00,9636.121819068589,9651.982268490576,5,10049.772340184894,-397.7900716943186,-3.9581998300968535
2026-03-25 04:55:00+00:00,9636.121819068589,9636.244336443386,7,10049.772340184894,-413.52800374150866,-4.114799716287909
2026-03-25 05:00:00+00:00,9634.125119443268,9627.923197287217,7,10049.772340184894,-421.84914289767767,-4.197598996455643
2026-03-25 05:05:00+00:00,9631.763623174424,9637.422465104159,7,10049.772340184894,-412.3498750807357,-4.103076777489956
2026-03-25 05:10:00+00:00,9631.552737857552,9638.48851218157,7,10049.772340184894,-411.28382800332474,-4.092469103591235
2026-03-25 05:15:00+00:00,9630.285479722503,9608.999739575154,7,10049.772340184894,-440.77260060974004,-4.385896373465814
2026-03-25 05:20:00+00:00,9629.36244785982,9613.616104035817,7,10049.772340184894,-436.1562361490778,-4.339961358179911
2026-03-25 05:25:00+00:00,9628.77921949008,9603.663220698569,7,10049.772340184894,-446.10911948632565,-4.438997266659661
2026-03-25 05:30:00+00:00,9628.535722628007,9619.38391615064,5,10049.772340184894,-430.38842403425406,-4.282568892762962
2026-03-25 05:35:00+00:00,9628.535722628007,9624.581972880656,5,10049.772340184894,-425.19036730423795,-4.230845763580904
2026-03-25 05:40:00+00:00,9628.535722628007,9620.868164295422,6,10049.772340184894,-428.90417588947275,-4.267799919949056
2026-03-25 05:45:00+00:00,9628.535722628007,9590.12877069925,6,10049.772340184894,-459.64356948564455,-4.573671461668038
2026-03-25 05:50:00+00:00,9628.535722628007,9564.411464477684,6,10049.772340184894,-485.36087570721065,-4.8295708527291925
2026-03-25 05:55:00+00:00,9628.535722628007,9573.37017336949,6,10049.772340184894,-476.4021668154037,-4.740427451380846
2026-03-25 06:00:00+00:00,9628.535722628007,9590.102199469227,6,10049.772340184894,-459.670140715667,-4.573935858005818
2026-03-25 06:05:00+00:00,9628.535722628007,9547.68972860342,6,10049.772340184894,-502.08261158147434,-4.995960053481541
2026-03-25 06:10:00+00:00,9628.535722628007,9560.720786728718,6,10049.772340184894,-489.0515534561764,-4.866294846308716
2026-03-25 06:15:00+00:00,9628.535722628007,9592.698830434372,6,10049.772340184894,-457.07350975052213,-4.54809814868018
2026-03-25 06:20:00+00:00,9628.535722628007,9638.707863550395,6,10049.772340184894,-411.06447663449944,-4.090286453463454
2026-03-25 06:25:00+00:00,9628.535722628007,9606.896436667981,6,10049.772340184894,-442.87590351691324,-4.406825234697454
2026-03-25 06:30:00+00:00,9628.535722628007,9630.448001417682,6,10049.772340184894,-419.3243387672119,-4.172475998192581
2026-03-25 06:35:00+00:00,9628.535722628007,9615.552976783636,6,10049.772340184894,-434.2193634012583,-4.320688555948616
2026-03-25 06:40:00+00:00,9628.535722628007,9618.112106928716,6,10049.772340184894,-431.6602332561779,-4.295223997564069
2026-03-25 06:45:00+00:00,9628.535722628007,9639.199173464343,6,10049.772340184894,-410.57316672055094,-4.085397686859416
2026-03-25 06:50:00+00:00,9628.535722628007,9625.153677162687,6,10049.772340184894,-424.61866302220733,-4.225157034894533
2026-03-25 06:55:00+00:00,9628.535722628007,9631.660345703436,6,10049.772340184894,-418.11199448145817,-4.160412597702345
2026-03-25 07:00:00+00:00,9628.535722628007,9668.651886860664,6,10049.772340184894,-381.12045332423077,-3.7923292232231676
2026-03-25 07:05:00+00:00,9628.535722628007,9626.46710896367,6,10049.772340184894,-423.30523122122395,-4.21208776569596
2026-03-25 07:10:00+00:00,9628.535722628007,9694.343189698993,6,10049.772340184894,-355.4291504859011,-3.5366885781550117
2026-03-25 07:15:00+00:00,9628.535722628007,9708.733024678359,6,10049.772340184894,-341.0393155065358,-3.393502897004541
2026-03-25 07:20:00+00:00,9628.535722628007,9671.11252827444,6,10049.772340184894,-378.65981191045466,-3.7678446744146665
2026-03-25 07:25:00+00:00,9628.535722628007,9672.565536823513,6,10049.772340184894,-377.2068033613814,-3.7533865503906694
2026-03-25 07:30:00+00:00,9628.535722628007,9619.928630467115,6,10049.772340184894,-429.84370971777935,-4.277148727031477
2026-03-25 07:35:00+00:00,9628.535722628007,9619.79094348829,6,10049.772340184894,-429.98139669660486,-4.278518777756657
2026-03-25 07:40:00+00:00,9628.535722628007,9672.367637861538,6,10049.772340184894,-377.4047023233561,-3.7553557388983916
2026-03-25 07:45:00+00:00,9628.535722628007,9703.264402719076,6,10049.772340184894,-346.50793746581803,-3.44791827850941
2026-03-25 07:50:00+00:00,9628.535722628007,9713.903330848483,6,10049.772340184894,-335.8690093364112,-3.3420558990516547
2026-03-25 07:55:00+00:00,9628.535722628007,9717.155318485342,6,10049.772340184894,-332.6170216995524,-3.3096970800975622
2026-03-25 08:00:00+00:00,9628.535722628007,9753.562003745255,6,10049.772340184894,-296.2103364396389,-2.9474332991128116
2026-03-25 08:05:00+00:00,9628.535722628007,9804.470970052917,6,10049.772340184894,-245.30137013197782,-2.440864945279597
2026-03-25 08:10:00+00:00,9628.535722628007,9823.44175288399,6,10049.772340184894,-226.33058730090488,-2.2520966608955084
2026-03-25 08:15:00+00:00,9628.535722628007,9849.387084295036,6,10049.772340184894,-200.38525588985794,-1.9939283110782524
2026-03-25 08:20:00+00:00,9628.535722628007,9883.56208969224,6,10049.772340184894,-166.21025049265518,-1.653870802904156
2026-03-25 08:25:00+00:00,9628.535722628007,9850.822417901865,6,10049.772340184894,-198.94992228302908,-1.9796460611103628
2026-03-25 08:30:00+00:00,9628.535722628007,9867.585628436418,6,10049.772340184894,-182.18671174847623,-1.8128441678224583
2026-03-25 08:35:00+00:00,9628.535722628007,9851.743839347679,6,10049.772340184894,-198.0285008372157,-1.9704774808219416
2026-03-25 08:40:00+00:00,9628.535722628007,9865.53784694055,6,10049.772340184894,-184.23449324434478,-1.8332205646855004
2026-03-25 08:45:00+00:00,9628.535722628007,9844.574705981624,6,10049.772340184894,-205.19763420327035,-2.041813757141242
2026-03-25 08:50:00+00:00,9628.535722628007,9787.699427450907,6,10049.772340184894,-262.0729127339873,-2.6077497465894384
2026-03-25 08:55:00+00:00,9628.535722628007,9748.745160633689,6,10049.772340184894,-301.02717955120534,-2.995363172034471
2026-03-25 09:00:00+00:00,9628.535722628007,9785.803286442357,6,10049.772340184894,-263.96905374253765,-2.6266172487015904
2026-03-25 09:05:00+00:00,9628.535722628007,9769.533648629204,6,10049.772340184894,-280.2386915556908,-2.7885078593783863
2026-03-25 09:10:00+00:00,9628.535722628007,9800.271217404661,6,10049.772340184894,-249.50112278023335,-2.4826544754907642
2026-03-25 09:15:00+00:00,9628.535722628007,9768.073977294478,6,10049.772340184894,-281.6983628904163,-2.803032281278861
2026-03-25 09:20:00+00:00,9628.535722628007,9724.520446748795,6,10049.772340184894,-325.25189343609964,-3.236410561615921
2026-03-25 09:25:00+00:00,9628.535722628007,9718.43069403796,6,10049.772340184894,-331.3416461469351,-3.2970064886150396
2026-03-25 09:30:00+00:00,9628.535722628007,9684.410531122901,6,10049.772340184894,-365.361809061993,-3.6355232406714455
2026-03-25 09:35:00+00:00,9628.535722628007,9685.238880288627,6,10049.772340184894,-364.53345989626723,-3.6272807737011914
2026-03-25 09:40:00+00:00,9628.535722628007,9708.702409958178,6,10049.772340184894,-341.0699302267167,-3.3938075279866697
2026-03-25 09:45:00+00:00,9628.535722628007,9677.482832973901,6,10049.772340184894,-372.2895072109932,-3.7044571221017675
2026-03-25 09:50:00+00:00,9628.535722628007,9699.734456765427,6,10049.772340184894,-350.0378834194671,-3.4830429145127018
2026-03-25 09:55:00+00:00,9628.535722628007,9720.53405282612,6,10049.772340184894,-329.23828735877396,-3.276077071341066
2026-03-25 10:00:00+00:00,9628.535722628007,9754.088307584649,6,10049.772340184894,-295.6840326002457,-2.9421963263578377
2026-03-25 10:05:00+00:00,9628.535722628007,9751.493608712508,6,10049.772340184894,-298.2787314723864,-2.9680148104419546
2026-03-25 10:10:00+00:00,9628.535722628007,9728.060078716233,6,10049.772340184894,-321.7122614686614,-3.2011895451827033
2026-03-25 10:15:00+00:00,9628.535722628007,9748.303975525248,6,10049.772340184894,-301.4683646596459,-2.999753173056452
2026-03-25 10:20:00+00:00,9628.535722628007,9724.868304552125,6,10049.772340184894,-324.9040356327696,-3.23294921153201
2026-03-25 10:25:00+00:00,9628.535722628007,9701.278621531494,6,10049.772340184894,-348.4937186534007,-3.4676777429068495
2026-03-25 10:30:00+00:00,9628.535722628007,9712.024888619888,6,10049.772340184894,-337.7474515650065,-3.36074728991117
2026-03-25 10:35:00+00:00,9628.535722628007,9727.65339013077,6,10049.772340184894,-322.11895005412407,-3.2052362894441244
2026-03-25 10:40:00+00:00,9628.535722628007,9718.082630691279,6,10049.772340184894,-331.68970949361574,-3.30046988395275
2026-03-25 10:45:00+00:00,9628.535722628007,9785.826951709643,6,10049.772340184894,-263.9453884752511,-2.626381768070929
2026-03-25 10:50:00+00:00,9628.535722628007,9765.204446641057,6,10049.772340184894,-284.5678935438373,-2.8315854719013656
2026-03-25 10:55:00+00:00,9628.535722628007,9763.752588450183,6,10049.772340184894,-286.01975173471146,-2.8460321493158247
2026-03-25 11:00:00+00:00,9628.535722628007,9810.79819018699,6,10049.772340184894,-238.97414999790453,-2.377906104821359
2026-03-25 11:05:00+00:00,9628.535722628007,9806.667298839844,6,10049.772340184894,-243.10504134505027,-2.419010432435109
2026-03-25 11:10:00+00:00,9628.535722628007,9778.84792329299,6,10049.772340184894,-270.9244168919049,-2.6958264100032436
2026-03-25 11:15:00+00:00,9628.535722628007,9775.663715362716,6,10049.772340184894,-274.1086248221782,-2.7275107887382743
2026-03-25 11:20:00+00:00,9628.535722628007,9811.602804161388,6,10049.772340184894,-238.16953602350623,-2.3698998142591243
2026-03-25 11:25:00+00:00,9628.535722628007,9785.650202457959,6,10049.772340184894,-264.12213772693576,-2.6281405069328856
2026-03-25 11:30:00+00:00,9628.535722628007,9766.16713904569,6,10049.772340184894,-283.6052011392039,-2.8220062260035816
2026-03-25 11:35:00+00:00,9628.535722628007,9764.780756708424,6,10049.772340184894,-284.9915834764706,-2.8358013876285226
2026-03-25 11:40:00+00:00,9628.535722628007,9811.58298745668,6,10049.772340184894,-238.18935272821363,-2.370096999867277
2026-03-25 11:45:00+00:00,9628.535722628007,9748.68429116872,6,10049.772340184894,-301.0880490161744,-2.9959688520728722
2026-03-25 11:50:00+00:00,9628.535722628007,9768.340262104553,6,10049.772340184894,-281.43207808034094,-2.800382621156605
2026-03-25 11:55:00+00:00,9628.535722628007,9772.75130028049,6,10049.772340184894,-277.02103990440446,-2.756490699761538
2026-03-25 12:00:00+00:00,9628.535722628007,9779.920783118972,6,10049.772340184894,-269.85155706592195,-2.6851509460258827
2026-03-25 12:05:00+00:00,9628.535722628007,9830.19378431454,6,10049.772340184894,-219.57855587035374,-2.1849107466081596
2026-03-25 12:10:00+00:00,9628.535722628007,9787.151356384313,6,10049.772340184894,-262.6209838005816,-2.613203313576251
2026-03-25 12:15:00+00:00,9628.535722628007,9655.897721718435,6,10049.772340184894,-393.87461846645965,-3.919239213922465
2026-03-25 12:20:00+00:00,9628.535722628007,9674.06064989675,6,10049.772340184894,-375.7116902881444,-3.7385094663868967
2026-03-25 12:25:00+00:00,9628.535722628007,9669.974272842288,6,10049.772340184894,-379.7980673426064,-3.7791708556814796
2026-03-25 12:30:00+00:00,9628.535722628007,9658.780186463982,6,10049.772340184894,-390.99215372091203,-3.8905573229504498
2026-03-25 12:35:00+00:00,9628.535722628007,9669.375719178644,6,10049.772340184894,-380.3966210062499,-3.785126748445844
2026-03-25 12:40:00+00:00,9628.535722628007,9627.824313288553,6,10049.772340184894,-421.9480268963416,-4.198582939129336
2026-03-25 12:45:00+00:00,9628.535722628007,9612.129550838183,6,10049.772340184894,-437.64278934671165,-4.3547532673626765
2026-03-25 12:50:00+00:00,9628.535722628007,9642.948180994656,6,10049.772340184894,-406.8241591902388,-4.04809328429776
2026-03-25 12:55:00+00:00,9628.535722628007,9610.921166797069,6,10049.772340184894,-438.85117338782584,-4.366777261540955
2026-03-25 13:00:00+00:00,9628.535722628007,9660.955216706776,6,10049.772340184894,-388.81712347811845,-3.8689147407190427
2026-03-25 13:05:00+00:00,9628.535722628007,9596.598135899185,6,10049.772340184894,-453.1742042857095,-4.509298210404755
2026-03-25 13:10:00+00:00,9628.535722628007,9612.664600717037,6,10049.772340184894,-437.10773946785775,-4.349429267368022
2026-03-25 13:15:00+00:00,9628.535722628007,9611.114417168757,6,10049.772340184894,-438.6579230161369,-4.364854328710754
2026-03-25 13:20:00+00:00,9628.535722628007,9620.052962683763,6,10049.772340184894,-429.719377501131,-4.275911562522272
2026-03-25 13:25:00+00:00,9555.652957628005,9594.894228778507,5,10049.772340184894,-454.8781114063877,-4.52625289418267
2026-03-25 13:30:00+00:00,9555.652957628005,9572.757210417138,7,10049.772340184894,-477.01512976775666,-4.746526723400191
2026-03-25 13:35:00+00:00,9540.840269496766,9544.499093997782,7,10049.772340184894,-505.2732461871128,-5.027708380683748
2026-03-25 13:40:00+00:00,9534.414768273931,9560.941932182184,7,10049.772340184894,-488.8304080027101,-4.8640943441880635
2026-03-25 13:45:00+00:00,9527.162847813122,9514.648141186564,7,10049.772340184894,-535.12419899833,-5.324739515328014
2026-03-25 13:50:00+00:00,9524.380244447984,9495.990349576034,7,10049.772340184894,-553.7819906088607,-5.510393388659319
2026-03-25 13:55:00+00:00,9522.902508879308,9488.345921684306,7,10049.772340184894,-561.4264185005886,-5.586459070875427
2026-03-25 14:00:00+00:00,9519.784626776678,9446.78914122931,7,10049.772340184894,-602.9831989555842,-5.999968741028128
2026-03-25 14:05:00+00:00,9517.407249460328,9493.702893632535,5,10049.772340184894,-556.0694465523593,-5.533154659920669
2026-03-25 14:10:00+00:00,9517.407249460328,9512.171743447609,6,10049.772340184894,-537.6005967372857,-5.349380847043095
2026-03-25 14:15:00+00:00,9518.617116352285,9542.760092766064,6,10049.772340184894,-507.01224741883016,-5.045012267506765
2026-03-25 14:20:00+00:00,9511.165295705725,9451.102451001674,6,10049.772340184894,-598.6698891832202,-5.957049263587654
2026-03-25 14:25:00+00:00,9511.7374243897,9529.117842307602,6,10049.772340184894,-520.6544978772927,-5.180759128198453
2026-03-25 14:30:00+00:00,9512.749235133593,9547.631070535142,6,10049.772340184894,-502.14126964975185,-4.996543729074299
2026-03-25 14:35:00+00:00,9512.921625135441,9523.714904927407,6,10049.772340184894,-526.0574352574877,-5.23452091699631
2026-03-25 14:40:00+00:00,9513.30416850522,9525.130420390875,6,10049.772340184894,-524.6419197940195,-5.220435866951856
2026-03-25 14:45:00+00:00,9515.04940177682,9580.84470964914,5,10049.772340184894,-468.92763053575436,-4.666052271260979
2026-03-25 14:50:00+00:00,9515.04940177682,9589.98260658002,6,10049.772340184894,-459.7897336048736,-4.575125863959761
2026-03-25 14:55:00+00:00,9515.04940177682,9587.31808186853,6,10049.772340184894,-462.45425831636385,-4.601639148254133
2026-03-25 15:00:00+00:00,9515.04940177682,9630.17765799551,6,10049.772340184894,-419.5946821893849,-4.175166043429646
2026-03-25 15:05:00+00:00,9515.04940177682,9559.068847025117,6,10049.772340184894,-490.7034931597773,-4.882732429645753
2026-03-25 15:10:00+00:00,9515.04940177682,9521.310455681914,6,10049.772340184894,-528.46188450298,-5.25844632708623
2026-03-25 15:15:00+00:00,9515.04940177682,9448.906837864379,6,10049.772340184894,-600.8655023205156,-5.978896655378973
2026-03-25 15:20:00+00:00,9515.04940177682,9475.911693187913,6,10049.772340184894,-573.8606469969818,-5.710185540247014
2026-03-25 15:25:00+00:00,9515.04940177682,9515.394725294185,6,10049.772340184894,-534.3776148907091,-5.317310649455742
2026-03-25 15:30:00+00:00,9515.04940177682,9537.418587902526,6,10049.772340184894,-512.3537522823681,-5.098162773634951
2026-03-25 15:35:00+00:00,9515.04940177682,9488.041226561934,6,10049.772340184894,-561.73111362296,-5.5894909318177195
2026-03-25 15:40:00+00:00,9515.04940177682,9474.015479357808,6,10049.772340184894,-575.7568608270867,-5.729053766968162
2026-03-25 15:45:00+00:00,9515.04940177682,9488.281457479123,6,10049.772340184894,-561.4908827057716,-5.587100520283439
2026-03-25 15:50:00+00:00,9515.04940177682,9462.403478244578,6,10049.772340184894,-587.3688619403165,-5.8445986840086945
2026-03-25 15:55:00+00:00,9515.04940177682,9510.511743415342,6,10049.772340184894,-539.2605967695526,-5.365898634472266
2026-03-25 16:00:00+00:00,9515.04940177682,9466.64104594557,6,10049.772340184894,-583.1312942393251,-5.802432876092367
2026-03-25 16:05:00+00:00,9515.04940177682,9425.49052994167,6,10049.772340184894,-624.2818102432248,-6.211900022321693
2026-03-25 16:10:00+00:00,9515.04940177682,9472.394300116035,6,10049.772340184894,-577.3780400688593,-5.745185269124587
2026-03-25 16:15:00+00:00,9515.04940177682,9459.93117991067,6,10049.772340184894,-589.8411602742235,-5.869199224699773
2026-03-25 16:20:00+00:00,9515.04940177682,9542.679686827385,6,10049.772340184894,-507.09265335750933,-5.045812344722034
2026-03-25 16:25:00+00:00,9515.04940177682,9544.766170456514,6,10049.772340184894,-505.00616972838,-5.025050843281975
2026-03-25 16:30:00+00:00,9515.04940177682,9560.811464930608,6,10049.772340184894,-488.9608752542863,-4.865392555203796
2026-03-25 16:35:00+00:00,9515.04940177682,9539.303172145173,6,10049.772340184894,-510.4691680397209,-5.079410266823315
2026-03-25 16:40:00+00:00,9515.04940177682,9558.92157211704,6,10049.772340184894,-490.850768067854,-4.884197884813213
2026-03-25 16:45:00+00:00,9515.04940177682,9548.604151707566,6,10049.772340184894,-501.16818847732793,-4.986861110011054
2026-03-25 16:50:00+00:00,9515.04940177682,9575.697643490934,6,10049.772340184894,-474.0746966939605,-4.717268020075749
2026-03-25 16:55:00+00:00,9515.04940177682,9553.386041350792,6,10049.772340184894,-496.3862988341025,-4.9392790406729725
2026-03-25 17:00:00+00:00,9515.04940177682,9536.013295988942,6,10049.772340184894,-513.7590441959528,-5.1121460945104396
2026-03-25 17:05:00+00:00,9515.04940177682,9528.534457670676,6,10049.772340184894,-521.2378825142187,-5.186564081954403
2026-03-25 17:10:00+00:00,9515.04940177682,9560.348747161226,6,10049.772340184894,-489.4235930236682,-4.869996816412103
2026-03-25 17:15:00+00:00,9515.04940177682,9570.188521105763,6,10049.772340184894,-479.583819079131,-4.772086400021946
2026-03-25 17:20:00+00:00,9515.04940177682,9579.742487422689,6,10049.772340184894,-470.02985276220534,-4.67701990504551
2026-03-25 17:25:00+00:00,9515.04940177682,9609.508494805397,6,10049.772340184894,-440.26384537949707,-4.3808340176927585
2026-03-25 17:30:00+00:00,9515.04940177682,9646.00732435081,6,10049.772340184894,-403.7650158340839,-4.017653357376005
2026-03-25 17:35:00+00:00,9515.04940177682,9661.51029564085,6,10049.772340184894,-388.26204454404433,-3.863391442127939
2026-03-25 17:40:00+00:00,9515.04940177682,9652.768265787412,6,10049.772340184894,-397.0040743974823,-3.9503787843036653
2026-03-25 17:45:00+00:00,9515.04940177682,9663.455837350817,6,10049.772340184894,-386.31650283407726,-3.844032379612794
2026-03-25 17:50:00+00:00,9515.04940177682,9625.523999227613,6,10049.772340184894,-424.24834095728147,-4.221472154756056
2026-03-25 17:55:00+00:00,9515.04940177682,9640.234598763189,6,10049.772340184894,-409.5377414217055,-4.0750947141770855
2026-03-25 18:00:00+00:00,9515.04940177682,9631.955866676997,6,10049.772340184894,-417.8164735078972,-4.15747202389074
2026-03-25 18:05:00+00:00,9515.04940177682,9624.73217191993,6,10049.772340184894,-425.04016826496445,-4.229351211921529
2026-03-25 18:10:00+00:00,9515.04940177682,9623.49973455497,6,10049.772340184894,-426.27260562992524,-4.241614548077244
2026-03-25 18:15:00+00:00,9515.04940177682,9629.824871477438,6,10049.772340184894,-419.9474687074562,-4.178676436562245
2026-03-25 18:20:00+00:00,9515.04940177682,9654.276280753336,6,10049.772340184894,-395.496059431558,-3.9353733203500774
2026-03-25 18:25:00+00:00,9515.04940177682,9631.942233412248,6,10049.772340184894,-417.8301067726461,-4.15760768133937
2026-03-25 18:30:00+00:00,9515.04940177682,9628.396873795411,6,10049.772340184894,-421.37546638948334,-4.192885690599946
2026-03-25 18:35:00+00:00,9515.04940177682,9589.448231667277,6,10049.772340184894,-460.3241085176178,-4.58044314772158
2026-03-25 18:40:00+00:00,9515.04940177682,9551.843763694802,6,10049.772340184894,-497.9285764900924,-4.954625434638771
2026-03-25 18:45:00+00:00,9515.04940177682,9554.79905211969,6,10049.772340184894,-494.97328806520454,-4.92521891352713
2026-03-25 18:50:00+00:00,9515.04940177682,9549.506063391447,6,10049.772340184894,-500.2662767934471,-4.977886661104636
2026-03-25 18:55:00+00:00,9515.04940177682,9521.64696113176,6,10049.772340184894,-528.1253790531337,-5.255097938302322
2026-03-25 19:00:00+00:00,9515.04940177682,9493.452982041821,6,10049.772340184894,-556.3193581430733,-5.535641398746726
2026-03-25 19:05:00+00:00,9515.04940177682,9488.80158856489,6,10049.772340184894,-560.9707516200051,-5.581924969353924
2026-03-25 19:10:00+00:00,9515.04940177682,9488.736208024993,6,10049.772340184894,-561.0361321599012,-5.58257553672683
2026-03-25 19:15:00+00:00,9515.04940177682,9515.084151328288,6,10049.772340184894,-534.6881888566058,-5.320401007678632
2026-03-25 19:20:00+00:00,9515.04940177682,9521.42438302253,6,10049.772340184894,-528.3479571623648,-5.2573126960271495
2026-03-25 19:25:00+00:00,9515.04940177682,9516.46387021815,6,10049.772340184894,-533.3084699667452,-5.306672150514935
2026-03-25 19:30:00+00:00,9515.04940177682,9507.911510719203,6,10049.772340184894,-541.8608294656915,-5.391772182729094
2026-03-25 19:35:00+00:00,9515.04940177682,9502.995536879725,6,10049.772340184894,-546.7768033051689,-5.440688453397435
2026-03-25 19:40:00+00:00,9515.04940177682,9505.960460876237,6,10049.772340184894,-543.8118793086578,-5.411186053779327
2026-03-25 19:45:00+00:00,9515.04940177682,9497.69757041548,6,10049.772340184894,-552.0747697694151,-5.493405731808432
2026-03-25 19:50:00+00:00,9515.04940177682,9507.700512314887,6,10049.772340184894,-542.0718278700078,-5.393871716899357
2026-03-25 19:55:00+00:00,9515.04940177682,9506.15318450095,6,10049.772340184894,-543.619155683944,-5.40926836233131
2026-03-25 20:00:00+00:00,9515.04940177682,9486.008152322685,6,10049.772340184894,-563.7641878622089,-5.609720984503785
2026-03-25 20:05:00+00:00,9515.04940177682,9480.60946080158,6,10049.772340184894,-569.1628793833152,-5.663440524990482
2026-03-25 20:10:00+00:00,9515.04940177682,9477.012172240451,6,10049.772340184894,-572.7601679444433,-5.69923525186945
2026-03-25 20:15:00+00:00,9515.04940177682,9468.69067577946,6,10049.772340184894,-581.0816644054339,-5.782038087389585
2026-03-25 20:20:00+00:00,9515.04940177682,9457.450356554838,6,10049.772340184894,-592.3219836300559,-5.893884593401233
2026-03-25 20:25:00+00:00,9515.04940177682,9435.284643260988,6,10049.772340184894,-614.4876969239067,-6.1144439508029835
2026-03-25 20:30:00+00:00,9515.04940177682,9425.014110846876,6,10049.772340184894,-624.7582293380183,-6.216640618214486
2026-03-25 20:35:00+00:00,9515.04940177682,9417.396071590621,6,10049.772340184894,-632.3762685942729,-6.292443720995166
2026-03-25 20:40:00+00:00,9515.04940177682,9421.169514281195,6,10049.772340184894,-628.6028259036993,-6.2548961770027
2026-03-25 20:45:00+00:00,9515.04940177682,9417.27716430453,6,10049.772340184894,-632.4951758803636,-6.293626904873017
2026-03-25 20:50:00+00:00,9515.04940177682,9440.11698011,6,10049.772340184894,-609.6553600748939,-6.066359907847197
2026-03-25 20:55:00+00:00,9515.04940177682,9416.35994574735,6,10049.772340184894,-633.4123944375442,-6.302753664426697
2026-03-25 21:00:00+00:00,9515.04940177682,9386.533921635328,6,10049.772340184894,-663.2384185495666,-6.599536746693746
2026-03-25 21:05:00+00:00,9515.04940177682,9395.654262658054,6,10049.772340184894,-654.1180775268404,-6.5087850290030165
2026-03-25 21:10:00+00:00,9515.04940177682,9393.566576138657,6,10049.772340184894,-656.2057640462372,-6.529558499771593
2026-03-25 21:15:00+00:00,9515.04940177682,9406.648073048493,6,10049.772340184894,-643.1242671364016,-6.399391402776489
2026-03-25 21:20:00+00:00,9515.04940177682,9411.230885102095,6,10049.772340184894,-638.5414550827991,-6.353790249850089
2026-03-25 21:25:00+00:00,9515.04940177682,9410.02098077542,6,10049.772340184894,-639.7513594094744,-6.365829371590559
2026-03-25 21:30:00+00:00,9515.04940177682,9436.343354607474,6,10049.772340184894,-613.4289855774205,-6.103909270905284
2026-03-25 21:35:00+00:00,9515.04940177682,9431.918355808117,6,10049.772340184894,-617.8539843767776,-6.147940107122974
2026-03-25 21:40:00+00:00,9515.04940177682,9432.903928924181,6,10049.772340184894,-616.8684112607134,-6.138133187297301
2026-03-25 21:45:00+00:00,9515.04940177682,9430.317725375591,6,10049.772340184894,-619.4546148093032,-6.163867138883927
2026-03-25 21:50:00+00:00,9515.04940177682,9444.590092544118,6,10049.772340184894,-605.182247640776,-6.021850318150013
2026-03-25 21:55:00+00:00,9515.04940177682,9405.519074311153,6,10049.772340184894,-644.2532658737418,-6.4106254755407654
2026-03-25 22:00:00+00:00,9515.04940177682,9422.139666146879,6,10049.772340184894,-627.6326740380155,-6.245242705930476
2026-03-25 22:05:00+00:00,9515.04940177682,9410.064013772822,6,10049.772340184894,-639.708326412072,-6.365401172861818
2026-03-25 22:10:00+00:00,9515.04940177682,9406.663702590133,6,10049.772340184894,-643.1086375947616,-6.399235881426247
2026-03-25 22:15:00+00:00,9515.04940177682,9415.1750211578,6,10049.772340184894,-634.5973190270943,-6.314544225938345
2026-03-25 22:20:00+00:00,9515.04940177682,9416.90862029753,6,10049.772340184894,-632.8637198873639,-6.297294092492056
2026-03-25 22:25:00+00:00,9515.04940177682,9426.301929634852,6,10049.772340184894,-623.4704105500423,-6.203826210640029
2026-03-25 22:30:00+00:00,9515.04940177682,9440.29189787016,6,10049.772340184894,-609.4804423147343,-6.064619393194349
2026-03-25 22:35:00+00:00,9515.04940177682,9433.98560953465,6,10049.772340184894,-615.7867306502449,-6.127369952331829
2026-03-25 22:40:00+00:00,9515.04940177682,9446.754682364277,6,10049.772340184894,-603.0176578206174,-6.000311623074273
2026-03-25 22:45:00+00:00,9515.04940177682,9451.573285690005,6,10049.772340184894,-598.1990544948894,-5.95236423518708
2026-03-25 22:50:00+00:00,9515.04940177682,9439.434515743727,6,10049.772340184894,-610.337824441167,-6.073150751889944
2026-03-25 22:55:00+00:00,9515.04940177682,9421.996371586447,6,10049.772340184894,-627.7759685984474,-6.246668554751533
2026-03-25 23:00:00+00:00,9515.04940177682,9414.425580924844,6,10049.772340184894,-635.34675926005,-6.322001511611964
2026-03-25 23:05:00+00:00,9515.04940177682,9411.669601950336,6,10049.772340184894,-638.1027382345583,-6.349424809187454
2026-03-25 23:10:00+00:00,9515.04940177682,9420.926667851298,6,10049.772340184894,-628.8456723335967,-6.257312614128607
2026-03-25 23:15:00+00:00,9515.04940177682,9405.799386247632,6,10049.772340184894,-643.972953937262,-6.407836238859654
2026-03-25 23:20:00+00:00,9515.04940177682,9404.741976672101,6,10049.772340184894,-645.030363512793,-6.418357965519106
2026-03-25 23:25:00+00:00,9515.04940177682,9409.373524672535,6,10049.772340184894,-640.3988155123589,-6.372271866813028
2026-03-25 23:30:00+00:00,9515.04940177682,9404.114923893752,6,10049.772340184894,-645.657416291142,-6.424597437987966
2026-03-25 23:35:00+00:00,9515.04940177682,9411.384429378426,6,10049.772340184894,-638.3879108064684,-6.352262411495813
2026-03-25 23:40:00+00:00,9515.04940177682,9407.333834782072,6,10049.772340184894,-642.4385054028226,-6.392567748365563
2026-03-25 23:45:00+00:00,9515.04940177682,9408.477420292884,6,10049.772340184894,-641.2949198920105,-6.381188530288762
2026-03-25 23:50:00+00:00,9515.04940177682,9415.77670066238,6,10049.772340184894,-633.9956395225145,-6.308557229574518
2026-03-25 23:55:00+00:00,9515.04940177682,9429.466277831962,6,10049.772340184894,-620.3060623529327,-6.172339445666686
2026-03-26 00:00:00+00:00,9515.04940177682,9417.60280830817,6,10049.772340184894,-632.1695318767252,-6.2903865926289715
2026-03-26 00:00:00+00:00,9411.418591952335,9411.418591952335,0,10049.772340184894,-638.3537482325592,-6.351922477686845
