open,high,low,close,volume,time
1.05054478636179,1.05154478636179,1.0495447863617902,1.0509493169505577,326,2026-01-23 20:02:24.905956
1.0518169242495867,1.0528169242495866,1.0508169242495868,1.0521905534870803,136,2026-01-23 21:02:24.905956
1.050911550486235,1.0519115504862349,1.049911550486235,1.051307971059159,491,2026-01-23 22:02:24.905956
1.0518784914617942,1.0528784914617941,1.0508784914617944,1.0522632119618354,427,2026-01-23 23:02:24.905956
1.050680619120622,1.0516806191206218,1.049680619120622,1.0510350862538396,247,2026-01-24 00:02:24.905956
1.0522804749469452,1.053280474946945,1.0512804749469453,1.0524897418032542,967,2026-01-24 01:02:24.905956
1.0514416481437538,1.0524416481437537,1.050441648143754,1.0510279466199683,318,2026-01-24 02:02:24.905956
1.0524792568886638,1.0534792568886637,1.051479256888664,1.0526779610623258,700,2026-01-24 03:02:24.905956
1.0517636296598718,1.0527636296598717,1.050763629659872,1.051202047182298,123,2026-01-24 04:02:24.905956
1.0504782927468304,1.0514782927468302,1.0494782927468305,1.0501276388783598,922,2026-01-24 05:02:24.905956
1.0522928461009677,1.0532928461009676,1.0512928461009678,1.0526588925199678,725,2026-01-24 06:02:24.905956
1.0528364842088453,1.0538364842088452,1.0518364842088455,1.0534272008303758,420,2026-01-24 07:02:24.905956
1.0545004369461906,1.0555004369461904,1.0535004369461907,1.0555780591158657,396,2026-01-24 08:02:24.905956
1.0536272705390035,1.0546272705390034,1.0526272705390036,1.0539510246370214,218,2026-01-24 09:02:24.905956
1.0559420767637815,1.0569420767637814,1.0549420767637816,1.0556515019841992,383,2026-01-24 10:02:24.905956
1.056088109127752,1.057088109127752,1.0550881091277522,1.0567653268881927,845,2026-01-24 11:02:24.905956
1.054500896929431,1.0555008969294308,1.053500896929431,1.054538387543423,764,2026-01-24 12:02:24.905956
1.0544079712968168,1.0554079712968167,1.053407971296817,1.054799251079663,796,2026-01-24 13:02:24.905956
1.0547684447400154,1.0557684447400153,1.0537684447400155,1.0556194744994234,734,2026-01-24 14:02:24.905956
1.0543574801804514,1.0553574801804513,1.0533574801804515,1.0544954923780014,225,2026-01-24 15:02:24.905956
1.0539761555364018,1.0549761555364017,1.052976155536402,1.0538258421686222,924,2026-01-24 16:02:24.905956
1.0535687332835912,1.0545687332835911,1.0525687332835914,1.0537506904677132,746,2026-01-24 17:02:24.905956
1.0532619458530306,1.0542619458530305,1.0522619458530307,1.0532521389027407,619,2026-01-24 18:02:24.905956
1.0536112242069287,1.0546112242069285,1.0526112242069288,1.05377651329024,224,2026-01-24 19:02:24.905956
1.0548263695171645,1.0558263695171644,1.0538263695171646,1.0543715035569354,831,2026-01-24 20:02:24.905956
1.0562823480508652,1.057282348050865,1.0552823480508653,1.0557793167641274,931,2026-01-24 21:02:24.905956
1.0575815618014452,1.0585815618014451,1.0565815618014454,1.057524384676011,453,2026-01-24 22:02:24.905956
1.0583765962165286,1.0593765962165285,1.0573765962165287,1.0583670457488292,118,2026-01-24 23:02:24.905956
1.057156980791498,1.058156980791498,1.0561569807914981,1.0563346911104219,936,2026-01-25 00:02:24.905956
1.0579721819988768,1.0589721819988767,1.0569721819988769,1.0585283216119687,119,2026-01-25 01:02:24.905956
1.058563996143382,1.0595639961433818,1.057563996143382,1.0594336579666788,741,2026-01-25 02:02:24.905956
1.0591042390610632,1.060104239061063,1.0581042390610633,1.0588933093360768,693,2026-01-25 03:02:24.905956
1.0600498289991065,1.0610498289991064,1.0590498289991066,1.0597670029434094,941,2026-01-25 04:02:24.905956
1.0616037062269927,1.0626037062269926,1.0606037062269928,1.0614103607214573,306,2026-01-25 05:02:24.905956
1.0627520536735215,1.0637520536735214,1.0617520536735217,1.0629704841374499,243,2026-01-25 06:02:24.905956
1.0646357007190683,1.0656357007190682,1.0636357007190684,1.0648295974690754,603,2026-01-25 07:02:24.905956
1.0654866774889415,1.0664866774889414,1.0644866774889417,1.0666111454571303,544,2026-01-25 08:02:24.905956
1.064599858382626,1.0655998583826258,1.063599858382626,1.0655680754249446,120,2026-01-25 09:02:24.905956
1.064153064369867,1.0651530643698668,1.063153064369867,1.0647769833258394,415,2026-01-25 10:02:24.905956
1.0652652321973233,1.0662652321973232,1.0642652321973234,1.0656953699754153,607,2026-01-25 11:02:24.905956
1.065194709720302,1.066194709720302,1.0641947097203022,1.0658962120162572,264,2026-01-25 12:02:24.905956
1.0640857067717973,1.0650857067717971,1.0630857067717974,1.0633829722093435,316,2026-01-25 13:02:24.905956
1.063065257757769,1.064065257757769,1.0620652577577692,1.0635877325040917,773,2026-01-25 14:02:24.905956
1.0613202318460688,1.0623202318460687,1.060320231846069,1.0616701299836766,854,2026-01-25 15:02:24.905956
1.0614894248772548,1.0624894248772547,1.060489424877255,1.061430733502489,205,2026-01-25 16:02:24.905956
1.0622740444506507,1.0632740444506505,1.0612740444506508,1.0621095128292395,708,2026-01-25 17:02:24.905956
1.0640672327042158,1.0650672327042157,1.0630672327042159,1.0652571900029508,350,2026-01-25 18:02:24.905956
1.0629666689885993,1.0639666689885992,1.0619666689885994,1.0634883040572818,513,2026-01-25 19:02:24.905956
1.063746412349187,1.064746412349187,1.0627464123491872,1.0650211705563337,832,2026-01-25 20:02:24.905956
1.0640794764624026,1.0650794764624025,1.0630794764624028,1.0643666167101289,860,2026-01-25 21:02:24.905956
1.0637907645337705,1.0647907645337704,1.0627907645337706,1.0637479067475721,642,2026-01-25 22:02:24.905956
1.063704813323076,1.0647048133230759,1.062704813323076,1.0636113194840218,653,2026-01-25 23:02:24.905956
1.0636901649713144,1.0646901649713143,1.0626901649713145,1.063133572141663,583,2026-01-26 00:02:24.905956
1.0634850218727747,1.0644850218727746,1.0624850218727748,1.0633495644616737,688,2026-01-26 01:02:24.905956
1.0621230176420493,1.0631230176420492,1.0611230176420494,1.0616920739502604,844,2026-01-26 02:02:24.905956
1.0629845452215654,1.0639845452215653,1.0619845452215655,1.0631960959011004,776,2026-01-26 03:02:24.905956
1.0624851830682922,1.063485183068292,1.0614851830682923,1.0624925352258283,778,2026-01-26 04:02:24.905956
1.0605891999735721,1.061589199973572,1.0595891999735723,1.0601439835404562,451,2026-01-26 05:02:24.905956
1.0609929616773703,1.0619929616773702,1.0599929616773704,1.06092043843034,771,2026-01-26 06:02:24.905956
1.0598818755268244,1.0608818755268243,1.0588818755268246,1.0604663671036647,487,2026-01-26 07:02:24.905956
1.0602303721064918,1.0612303721064917,1.059230372106492,1.0608491835386789,769,2026-01-26 08:02:24.905956
1.060693712845351,1.061693712845351,1.0596937128453512,1.0599214202021827,721,2026-01-26 09:02:24.905956
1.06105368128872,1.0620536812887198,1.06005368128872,1.060701132522808,642,2026-01-26 10:02:24.905956
1.060244407327098,1.061244407327098,1.0592444073270981,1.0601120095379033,750,2026-01-26 11:02:24.905956
1.0591467107315404,1.0601467107315403,1.0581467107315405,1.0588296859734978,853,2026-01-26 12:02:24.905956
1.0579040904322365,1.0589040904322364,1.0569040904322367,1.0585148632613186,724,2026-01-26 13:02:24.905956
1.0579944822026928,1.0589944822026927,1.0569944822026929,1.0580361728035992,974,2026-01-26 14:02:24.905956
1.056634879145381,1.057634879145381,1.0556348791453811,1.0570565122187217,770,2026-01-26 15:02:24.905956
1.057148681054536,1.058148681054536,1.0561486810545362,1.0570823223930708,198,2026-01-26 16:02:24.905956
1.0571740342446778,1.0581740342446777,1.056174034244678,1.057461816831466,584,2026-01-26 17:02:24.905956
1.056246074433882,1.0572460744338819,1.055246074433882,1.055473351708029,566,2026-01-26 18:02:24.905956
1.0575847860595273,1.0585847860595272,1.0565847860595274,1.0573603473828495,297,2026-01-26 19:02:24.905956
1.0573388956776302,1.05833889567763,1.0563388956776303,1.0571158560589422,210,2026-01-26 20:02:24.905956
1.0579266537908751,1.058926653790875,1.0569266537908752,1.0575190013650042,899,2026-01-26 21:02:24.905956
1.059304170788723,1.0603041707887229,1.058304170788723,1.0602260784110518,128,2026-01-26 22:02:24.905956
1.058746351046733,1.0597463510467329,1.057746351046733,1.0590125311174015,955,2026-01-26 23:02:24.905956
1.0574120890315943,1.0584120890315942,1.0564120890315944,1.0562938966186328,758,2026-01-27 00:02:24.905956
1.0582629766352898,1.0592629766352897,1.05726297663529,1.0582818534943106,538,2026-01-27 01:02:24.905956
1.0602475625917334,1.0612475625917333,1.0592475625917335,1.0600110823732796,651,2026-01-27 02:02:24.905956
1.0614750921417413,1.0624750921417412,1.0604750921417414,1.0606939558152786,922,2026-01-27 03:02:24.905956
1.0610260862282541,1.062026086228254,1.0600260862282542,1.0602829681955122,399,2026-01-27 04:02:24.905956
1.0609625096698878,1.0619625096698877,1.059962509669888,1.0604158226238183,176,2026-01-27 05:02:24.905956
1.0602654913250875,1.0612654913250874,1.0592654913250876,1.060589662167368,916,2026-01-27 06:02:24.905956
1.0602704609488474,1.0612704609488472,1.0592704609488475,1.0605581598127356,757,2026-01-27 07:02:24.905956
1.0592310837913288,1.0602310837913287,1.058231083791329,1.0592208070540123,846,2026-01-27 08:02:24.905956
1.0585470647528032,1.0595470647528031,1.0575470647528034,1.0582771864241303,572,2026-01-27 09:02:24.905956
1.0599681316748635,1.0609681316748634,1.0589681316748636,1.0594767228535276,689,2026-01-27 10:02:24.905956
1.060321193031163,1.0613211930311628,1.059321193031163,1.0600583278516684,426,2026-01-27 11:02:24.905956
1.0598061713673252,1.0608061713673251,1.0588061713673254,1.0592397787422152,218,2026-01-27 12:02:24.905956
1.0614923915162555,1.0624923915162554,1.0604923915162556,1.0609412526209376,488,2026-01-27 13:02:24.905956
1.0600165986628016,1.0610165986628015,1.0590165986628017,1.05932715570194,901,2026-01-27 14:02:24.905956
1.060452126561419,1.061452126561419,1.0594521265614192,1.0607454785900883,343,2026-01-27 15:02:24.905956
1.0589230365328055,1.0599230365328054,1.0579230365328056,1.0602865332979547,204,2026-01-27 16:02:24.905956
1.0589293212863553,1.0599293212863552,1.0579293212863554,1.0596148219577888,560,2026-01-27 17:02:24.905956
1.058545722049016,1.0595457220490159,1.057545722049016,1.0578696642240006,588,2026-01-27 18:02:24.905956
1.0585775139465072,1.0595775139465071,1.0575775139465073,1.0590062072048083,271,2026-01-27 19:02:24.905956
1.0593122650566282,1.0603122650566281,1.0583122650566283,1.0591676353411723,419,2026-01-27 20:02:24.905956
1.058013604688761,1.0590136046887608,1.057013604688761,1.0587130016807673,565,2026-01-27 21:02:24.905956
1.056252140409759,1.0572521404097588,1.055252140409759,1.056863768906959,603,2026-01-27 22:02:24.905956
1.0548646290992256,1.0558646290992255,1.0538646290992257,1.0548354768937165,729,2026-01-27 23:02:24.905956
1.054654933860919,1.055654933860919,1.0536549338609191,1.0541833918234875,401,2026-01-28 00:02:24.905956
1.05613803743007,1.0571380374300698,1.05513803743007,1.057232358158832,258,2026-01-28 01:02:24.905956
1.0553786447342974,1.0563786447342973,1.0543786447342975,1.0554420524457708,885,2026-01-28 02:02:24.905956
1.0534001290087407,1.0544001290087406,1.0524001290087408,1.0534663908998263,122,2026-01-28 03:02:24.905956
1.052147254910982,1.053147254910982,1.0511472549109822,1.0529546915772778,317,2026-01-28 04:02:24.905956
1.051691973433109,1.0526919734331088,1.050691973433109,1.0512726062916726,686,2026-01-28 05:02:24.905956
1.0521397828557553,1.0531397828557552,1.0511397828557554,1.0513959163155027,655,2026-01-28 06:02:24.905956
1.0519733040054935,1.0529733040054934,1.0509733040054936,1.0521733321997842,319,2026-01-28 07:02:24.905956
1.0509898454154207,1.0519898454154206,1.0499898454154208,1.0512743185412092,370,2026-01-28 08:02:24.905956
1.0510975567154284,1.0520975567154283,1.0500975567154285,1.0504605638673714,973,2026-01-28 09:02:24.905956
1.0512768541193593,1.0522768541193592,1.0502768541193594,1.0503405631000002,842,2026-01-28 10:02:24.905956
1.0512244693667867,1.0522244693667866,1.0502244693667868,1.0519550733876035,797,2026-01-28 11:02:24.905956
1.0524608261856845,1.0534608261856844,1.0514608261856846,1.0524329359422255,535,2026-01-28 12:02:24.905956
1.0547395569128821,1.055739556912882,1.0537395569128822,1.0550931753814257,375,2026-01-28 13:02:24.905956
1.0552958815884537,1.0562958815884536,1.0542958815884538,1.0549297545840128,734,2026-01-28 14:02:24.905956
1.0558435062572407,1.0568435062572406,1.0548435062572408,1.055706138885916,207,2026-01-28 15:02:24.905956
1.0546260725923147,1.0556260725923146,1.0536260725923148,1.0543968592194866,928,2026-01-28 16:02:24.905956
1.0540797510981263,1.0550797510981262,1.0530797510981265,1.0540255658865403,144,2026-01-28 17:02:24.905956
1.0542301179094553,1.0552301179094552,1.0532301179094554,1.0540949759255,423,2026-01-28 18:02:24.905956
1.0531876379679541,1.054187637967954,1.0521876379679542,1.0537351150057501,832,2026-01-28 19:02:24.905956
1.0506505833872322,1.051650583387232,1.0496505833872323,1.0496919350915561,932,2026-01-28 20:02:24.905956
1.0517946179099504,1.0527946179099503,1.0507946179099505,1.0519115844954623,493,2026-01-28 21:02:24.905956
1.0506054212952411,1.051605421295241,1.0496054212952413,1.0513122936389774,731,2026-01-28 22:02:24.905956
1.0485220345813697,1.0495220345813696,1.0475220345813698,1.0483507462730877,387,2026-01-28 23:02:24.905956
1.0484454246952426,1.0494454246952425,1.0474454246952427,1.048383074420175,588,2026-01-29 00:02:24.905956
1.047283935438877,1.0482839354388769,1.046283935438877,1.0470085109710328,569,2026-01-29 01:02:24.905956
1.047814175863211,1.0488141758632108,1.046814175863211,1.0480785980020941,238,2026-01-29 02:02:24.905956
1.0477966587552134,1.0487966587552133,1.0467966587552135,1.048057203614844,664,2026-01-29 03:02:24.905956
1.0491752207588088,1.0501752207588086,1.0481752207588089,1.0490092313192496,977,2026-01-29 04:02:24.905956
1.0502877917493534,1.0512877917493533,1.0492877917493535,1.0493134989497956,212,2026-01-29 05:02:24.905956
1.0487644436859933,1.0497644436859932,1.0477644436859934,1.0493308249349778,724,2026-01-29 06:02:24.905956
1.049546334462301,1.050546334462301,1.0485463344623012,1.050056043618058,317,2026-01-29 07:02:24.905956
1.0481215628826783,1.0491215628826782,1.0471215628826784,1.047955480534475,788,2026-01-29 08:02:24.905956
1.0473499503480657,1.0483499503480656,1.0463499503480658,1.0468514218043052,316,2026-01-29 09:02:24.905956
1.047360991579915,1.0483609915799148,1.046360991579915,1.0466147934420842,939,2026-01-29 10:02:24.905956
1.0471171453564496,1.0481171453564495,1.0461171453564497,1.0464601240818896,528,2026-01-29 11:02:24.905956
1.0465176653347448,1.0475176653347447,1.0455176653347449,1.0460710456595326,441,2026-01-29 12:02:24.905956
1.047347254889581,1.048347254889581,1.0463472548895811,1.0473527069130837,142,2026-01-29 13:02:24.905956
1.0474996804316652,1.048499680431665,1.0464996804316653,1.0471500032015544,151,2026-01-29 14:02:24.905956
1.0472205903719325,1.0482205903719324,1.0462205903719326,1.047307583889762,383,2026-01-29 15:02:24.905956
1.0471441562582409,1.0481441562582408,1.046144156258241,1.0464310377792232,590,2026-01-29 16:02:24.905956
1.0470314015707027,1.0480314015707026,1.0460314015707028,1.04640983109523,177,2026-01-29 17:02:24.905956
1.0467621313275841,1.047762131327584,1.0457621313275842,1.0463552953564272,373,2026-01-29 18:02:24.905956
1.0466820090810216,1.0476820090810215,1.0456820090810217,1.046593366533599,303,2026-01-29 19:02:24.905956
1.0453644355655234,1.0463644355655233,1.0443644355655235,1.0455395301499892,184,2026-01-29 20:02:24.905956
1.046920536282559,1.047920536282559,1.0459205362825592,1.0475245420992898,474,2026-01-29 21:02:24.905956
1.0473127380789689,1.0483127380789687,1.046312738078969,1.0475267415249907,783,2026-01-29 22:02:24.905956
1.0478487801813767,1.0488487801813766,1.0468487801813768,1.0480365369371096,521,2026-01-29 23:02:24.905956
1.0466670845071626,1.0476670845071625,1.0456670845071627,1.0462268193425024,373,2026-01-30 00:02:24.905956
1.0489468905525825,1.0499468905525824,1.0479468905525826,1.048381006024308,177,2026-01-30 01:02:24.905956
1.04866243627701,1.04966243627701,1.0476624362770102,1.0482342245745373,792,2026-01-30 02:02:24.905956
1.0495259004023403,1.0505259004023402,1.0485259004023404,1.049481246706175,412,2026-01-30 03:02:24.905956
1.0483696672202394,1.0493696672202393,1.0473696672202395,1.0476546249971823,907,2026-01-30 04:02:24.905956
1.0487752667887678,1.0497752667887676,1.0477752667887679,1.0490211008143566,101,2026-01-30 05:02:24.905956
1.049942528542657,1.0509425285426568,1.048942528542657,1.049570694482136,721,2026-01-30 06:02:24.905956
1.0500521697719876,1.0510521697719875,1.0490521697719877,1.0496289408566741,502,2026-01-30 07:02:24.905956
1.0488002023496636,1.0498002023496635,1.0478002023496638,1.0496298330736182,133,2026-01-30 08:02:24.905956
1.0491783797303578,1.0501783797303577,1.0481783797303579,1.048946835283938,509,2026-01-30 09:02:24.905956
1.0498682827591104,1.0508682827591103,1.0488682827591105,1.0496353190570695,372,2026-01-30 10:02:24.905956
1.0507290122055193,1.0517290122055192,1.0497290122055194,1.0507982574271137,337,2026-01-30 11:02:24.905956
1.0520708795320208,1.0530708795320207,1.051070879532021,1.0521683914389888,547,2026-01-30 12:02:24.905956
1.05170309342075,1.05270309342075,1.0507030934207502,1.051342027275431,707,2026-01-30 13:02:24.905956
1.0521474161311648,1.0531474161311647,1.051147416131165,1.0522624535043414,667,2026-01-30 14:02:24.905956
1.0513503003155098,1.0523503003155097,1.05035030031551,1.0511723018735992,119,2026-01-30 15:02:24.905956
1.0502972340121226,1.0512972340121225,1.0492972340121227,1.0491031855173065,943,2026-01-30 16:02:24.905956
1.0494837187849133,1.0504837187849132,1.0484837187849134,1.049149693230147,558,2026-01-30 17:02:24.905956
1.0499799175684572,1.050979917568457,1.0489799175684573,1.0494863084597215,601,2026-01-30 18:02:24.905956
1.051393711342602,1.0523937113426018,1.050393711342602,1.0513261019606908,503,2026-01-30 19:02:24.905956
1.0513389034266667,1.0523389034266666,1.0503389034266668,1.0519412674811561,672,2026-01-30 20:02:24.905956
1.0505028017146982,1.0515028017146981,1.0495028017146983,1.050608964678528,154,2026-01-30 21:02:24.905956
1.0508273782848965,1.0518273782848964,1.0498273782848966,1.051529068369679,572,2026-01-30 22:02:24.905956
1.0519374929113952,1.052937492911395,1.0509374929113953,1.0516508443937669,540,2026-01-30 23:02:24.905956
1.0504138095323627,1.0514138095323626,1.0494138095323629,1.048954967105264,459,2026-01-31 00:02:24.905956
1.050844954874528,1.051844954874528,1.0498449548745281,1.0508977407535314,906,2026-01-31 01:02:24.905956
1.0511267746618562,1.0521267746618561,1.0501267746618563,1.0515087941652141,986,2026-01-31 02:02:24.905956
1.0502266923002948,1.0512266923002946,1.0492266923002949,1.0503633855949124,570,2026-01-31 03:02:24.905956
1.0511033170258555,1.0521033170258554,1.0501033170258556,1.0516277015751634,698,2026-01-31 04:02:24.905956
1.050727192083802,1.0517271920838018,1.049727192083802,1.0511634861740229,570,2026-01-31 05:02:24.905956
1.0511026639904935,1.0521026639904933,1.0501026639904936,1.0521692064591561,493,2026-01-31 06:02:24.905956
1.0513727473477739,1.0523727473477738,1.050372747347774,1.051335367927729,382,2026-01-31 07:02:24.905956
1.0513155837100685,1.0523155837100684,1.0503155837100686,1.0508004052391935,916,2026-01-31 08:02:24.905956
1.0520764672537724,1.0530764672537722,1.0510764672537725,1.0527068182336647,438,2026-01-31 09:02:24.905956
1.0518509466321342,1.052850946632134,1.0508509466321343,1.0515113793121111,880,2026-01-31 10:02:24.905956
1.0530391140952502,1.05403911409525,1.0520391140952503,1.052664639477917,221,2026-01-31 11:02:24.905956
1.0521961389769945,1.0531961389769944,1.0511961389769946,1.0519700883534895,877,2026-01-31 12:02:24.905956
1.0522021134764687,1.0532021134764686,1.0512021134764689,1.0518491585015735,149,2026-01-31 13:02:24.905956
1.0513683964338871,1.052368396433887,1.0503683964338872,1.051306422036249,244,2026-01-31 14:02:24.905956
1.0510371672093548,1.0520371672093547,1.050037167209355,1.0504606715427793,989,2026-01-31 15:02:24.905956
1.0488641082652586,1.0498641082652584,1.0478641082652587,1.0481125115746255,997,2026-01-31 16:02:24.905956
1.049142530714874,1.050142530714874,1.0481425307148742,1.0491060884633,697,2026-01-31 17:02:24.905956
1.0507420051950065,1.0517420051950064,1.0497420051950066,1.0503272379596582,635,2026-01-31 18:02:24.905956
1.051170234553935,1.052170234553935,1.0501702345539352,1.0508309169475962,417,2026-01-31 19:02:24.905956
1.0505752419847922,1.0515752419847921,1.0495752419847924,1.050236290594615,619,2026-01-31 20:02:24.905956
1.0522983854878794,1.0532983854878792,1.0512983854878795,1.0529454866403665,102,2026-01-31 21:02:24.905956
1.0531115671914455,1.0541115671914454,1.0521115671914456,1.0524551679286915,921,2026-01-31 22:02:24.905956
1.0522485214404382,1.0532485214404381,1.0512485214404383,1.052232957592935,433,2026-01-31 23:02:24.905956
1.0538229136345074,1.0548229136345073,1.0528229136345075,1.053665973325337,483,2026-02-01 00:02:24.905956
1.0525929953122446,1.0535929953122445,1.0515929953122447,1.0525096044903768,772,2026-02-01 01:02:24.905956
1.0532066261832018,1.0542066261832017,1.052206626183202,1.0533510270455948,535,2026-02-01 02:02:24.905956
1.054582403131608,1.055582403131608,1.0535824031316081,1.0543741224588932,662,2026-02-01 03:02:24.905956
1.0537667719144674,1.0547667719144673,1.0527667719144675,1.0542661788694812,364,2026-02-01 04:02:24.905956
1.05288913825979,1.05388913825979,1.0518891382597901,1.0535788143591307,235,2026-02-01 05:02:24.905956
1.0543025122028757,1.0553025122028756,1.0533025122028759,1.0542783252425347,566,2026-02-01 06:02:24.905956
1.0553489409127188,1.0563489409127187,1.054348940912719,1.0562751695684949,919,2026-02-01 07:02:24.905956
1.0554874676800505,1.0564874676800504,1.0544874676800506,1.0557614581974817,648,2026-02-01 08:02:24.905956
1.0554817757891233,1.0564817757891232,1.0544817757891234,1.0551756237599441,432,2026-02-01 09:02:24.905956
1.0553723929066798,1.0563723929066797,1.05437239290668,1.055813778894217,164,2026-02-01 10:02:24.905956
1.0550480749090534,1.0560480749090533,1.0540480749090535,1.0553226119422077,701,2026-02-01 11:02:24.905956
1.0552771775129626,1.0562771775129625,1.0542771775129627,1.0548960127445635,422,2026-02-01 12:02:24.905956
1.05455536262899,1.05555536262899,1.0535553626289902,1.0547154847064963,719,2026-02-01 13:02:24.905956
1.0535903813391818,1.0545903813391817,1.052590381339182,1.0526724609953477,876,2026-02-01 14:02:24.905956
1.0541720693502117,1.0551720693502116,1.0531720693502118,1.0535771747585816,665,2026-02-01 15:02:24.905956
1.0553292150170708,1.0563292150170707,1.0543292150170709,1.0556065665364678,404,2026-02-01 16:02:24.905956
1.0555434273540008,1.0565434273540006,1.0545434273540009,1.056163986599546,262,2026-02-01 17:02:24.905956
1.0562436416417544,1.0572436416417543,1.0552436416417545,1.055632313188036,139,2026-02-01 18:02:24.905956
1.05673057777621,1.0577305777762098,1.05573057777621,1.0568003868531832,860,2026-02-01 19:02:24.905956
1.0556491446740024,1.0566491446740023,1.0546491446740025,1.05493846477881,347,2026-02-01 20:02:24.905956
1.0551810315602121,1.056181031560212,1.0541810315602123,1.0560561215909523,938,2026-02-01 21:02:24.905956
1.0542486725042044,1.0552486725042043,1.0532486725042045,1.0543257475643935,158,2026-02-01 22:02:24.905956
1.0544186503431179,1.0554186503431178,1.053418650343118,1.0542705887027737,754,2026-02-01 23:02:24.905956
1.0541731413331588,1.0551731413331586,1.0531731413331589,1.0539506469260347,780,2026-02-02 00:02:24.905956
1.053181120696923,1.054181120696923,1.0521811206969232,1.0528579690812268,301,2026-02-02 01:02:24.905956
1.0521912721821443,1.0531912721821441,1.0511912721821444,1.0512851218804113,423,2026-02-02 02:02:24.905956
1.0509683289565386,1.0519683289565385,1.0499683289565387,1.0504595239103636,252,2026-02-02 03:02:24.905956
1.047979380635061,1.048979380635061,1.0469793806350611,1.0478974018403089,617,2026-02-02 04:02:24.905956
1.0488662873120227,1.0498662873120226,1.0478662873120228,1.0490117893939264,284,2026-02-02 05:02:24.905956
1.0497613675533999,1.0507613675533998,1.0487613675534,1.0498967688633276,692,2026-02-02 06:02:24.905956
1.0485549946488626,1.0495549946488625,1.0475549946488627,1.0491732056954075,810,2026-02-02 07:02:24.905956
1.0490439508009792,1.0500439508009791,1.0480439508009793,1.048285907519515,514,2026-02-02 08:02:24.905956
1.0475237727884743,1.0485237727884742,1.0465237727884744,1.0480881523006205,719,2026-02-02 09:02:24.905956
1.0487078349219987,1.0497078349219986,1.0477078349219988,1.0493435301820453,231,2026-02-02 10:02:24.905956
1.0503930781737227,1.0513930781737226,1.0493930781737228,1.0505436150273206,563,2026-02-02 11:02:24.905956
1.0510518073502264,1.0520518073502263,1.0500518073502265,1.050388656132239,261,2026-02-02 12:02:24.905956
1.0493689287557078,1.0503689287557076,1.0483689287557079,1.0488876894353234,275,2026-02-02 13:02:24.905956
1.0479533336447653,1.0489533336447652,1.0469533336447654,1.0478350340504687,232,2026-02-02 14:02:24.905956
1.0468996998523556,1.0478996998523555,1.0458996998523558,1.046700613722755,735,2026-02-02 15:02:24.905956
1.047357578970416,1.0483575789704158,1.046357578970416,1.047415063847377,384,2026-02-02 16:02:24.905956
1.0473525990443018,1.0483525990443017,1.046352599044302,1.0469213225175054,110,2026-02-02 17:02:24.905956
1.046537296458315,1.047537296458315,1.0455372964583152,1.0471086865916037,445,2026-02-02 18:02:24.905956
1.0473868519014071,1.048386851901407,1.0463868519014072,1.0471062351715759,966,2026-02-02 19:02:24.905956
1.0478351942211896,1.0488351942211895,1.0468351942211898,1.047996878992546,194,2026-02-02 20:02:24.905956
1.0487026776758805,1.0497026776758804,1.0477026776758807,1.0485725634536018,388,2026-02-02 21:02:24.905956
1.0476523678612726,1.0486523678612725,1.0466523678612727,1.0471317420701083,524,2026-02-02 22:02:24.905956
1.047802086055472,1.0488020860554719,1.046802086055472,1.0485976656586482,471,2026-02-02 23:02:24.905956
1.0484333648018995,1.0494333648018994,1.0474333648018996,1.0489828648207171,532,2026-02-03 00:02:24.905956
1.0485061174502939,1.0495061174502938,1.047506117450294,1.0481755138427047,488,2026-02-03 01:02:24.905956
1.0493690522959018,1.0503690522959017,1.048369052295902,1.050024733378085,586,2026-02-03 02:02:24.905956
1.0520191237285208,1.0530191237285207,1.051019123728521,1.0520373975713704,990,2026-02-03 03:02:24.905956
1.0513371386972599,1.0523371386972598,1.05033713869726,1.0504700314791038,802,2026-02-03 04:02:24.905956
1.0489382148368593,1.0499382148368592,1.0479382148368594,1.048842547273565,936,2026-02-03 05:02:24.905956
1.0481493449860184,1.0491493449860183,1.0471493449860185,1.0485434441823303,194,2026-02-03 06:02:24.905956
1.0485902940388996,1.0495902940388995,1.0475902940388997,1.0484842328552284,321,2026-02-03 07:02:24.905956
1.0488711575223064,1.0498711575223063,1.0478711575223065,1.0483690262038128,553,2026-02-03 08:02:24.905956
1.0491350227839038,1.0501350227839037,1.048135022783904,1.049295124058194,603,2026-02-03 09:02:24.905956
1.051741362026361,1.0527413620263608,1.050741362026361,1.0518442810159245,577,2026-02-03 10:02:24.905956
1.0514816487076937,1.0524816487076936,1.0504816487076938,1.0514241599455552,996,2026-02-03 11:02:24.905956
1.0505047065952038,1.0515047065952037,1.049504706595204,1.0504659089400596,680,2026-02-03 12:02:24.905956
1.0501386892503957,1.0511386892503956,1.0491386892503958,1.0498524345144005,738,2026-02-03 13:02:24.905956
1.0481569388984862,1.049156938898486,1.0471569388984863,1.0479598072212375,332,2026-02-03 14:02:24.905956
1.047721893882573,1.0487218938825729,1.046721893882573,1.0476815793335166,508,2026-02-03 15:02:24.905956
1.0488804248098467,1.0498804248098466,1.0478804248098468,1.0489118239379962,852,2026-02-03 16:02:24.905956
1.0493632761913898,1.0503632761913897,1.04836327619139,1.0497444647470022,173,2026-02-03 17:02:24.905956
1.0482354265841136,1.0492354265841135,1.0472354265841137,1.048873036442266,120,2026-02-03 18:02:24.905956
1.0485353970535347,1.0495353970535346,1.0475353970535348,1.0475570825791827,695,2026-02-03 19:02:24.905956
1.048125479777569,1.0491254797775689,1.047125479777569,1.0487171521500362,237,2026-02-03 20:02:24.905956
1.0502719327596266,1.0512719327596265,1.0492719327596267,1.0498446266031698,182,2026-02-03 21:02:24.905956
1.0500800162431323,1.0510800162431322,1.0490800162431324,1.0506253168445434,736,2026-02-03 22:02:24.905956
1.050761225343899,1.0517612253438988,1.049761225343899,1.050949120315719,568,2026-02-03 23:02:24.905956
1.05227288388697,1.0532728838869698,1.05127288388697,1.0519654558671687,370,2026-02-04 00:02:24.905956
1.0514866570903083,1.0524866570903082,1.0504866570903084,1.0510821445522707,458,2026-02-04 01:02:24.905956
1.0524489693402073,1.0534489693402072,1.0514489693402074,1.0522411401915965,869,2026-02-04 02:02:24.905956
1.0518903830154673,1.0528903830154672,1.0508903830154674,1.0520833669058,350,2026-02-04 03:02:24.905956
1.0507693044026045,1.0517693044026044,1.0497693044026046,1.050965793093273,802,2026-02-04 04:02:24.905956
1.0524502438463577,1.0534502438463575,1.0514502438463578,1.0525356331639193,744,2026-02-04 05:02:24.905956
1.0512448775432297,1.0522448775432296,1.0502448775432298,1.0512374807479887,878,2026-02-04 06:02:24.905956
1.0530051081590912,1.054005108159091,1.0520051081590913,1.0531009255911918,723,2026-02-04 07:02:24.905956
1.0525261436655071,1.053526143665507,1.0515261436655072,1.0519158329747567,717,2026-02-04 08:02:24.905956
1.050711032551845,1.0517110325518448,1.049711032551845,1.0502252106312275,106,2026-02-04 09:02:24.905956
1.0498301566868609,1.0508301566868608,1.048830156686861,1.0497958780781143,859,2026-02-04 10:02:24.905956
1.0487930572370299,1.0497930572370298,1.04779305723703,1.0483064167106555,877,2026-02-04 11:02:24.905956
1.0496086897119519,1.0506086897119518,1.048608689711952,1.0500657190655078,860,2026-02-04 12:02:24.905956
1.0483548518561627,1.0493548518561626,1.0473548518561628,1.0483418230274149,163,2026-02-04 13:02:24.905956
1.0484544182416966,1.0494544182416965,1.0474544182416967,1.048086997170716,246,2026-02-04 14:02:24.905956
1.049590690657682,1.0505906906576818,1.048590690657682,1.0499444082519958,742,2026-02-04 15:02:24.905956
1.050081916526382,1.0510819165263818,1.049081916526382,1.0501909344429974,796,2026-02-04 16:02:24.905956
1.0507301260894026,1.0517301260894025,1.0497301260894027,1.0510878701827184,167,2026-02-04 17:02:24.905956
1.048845410108699,1.049845410108699,1.0478454101086991,1.047844226364317,905,2026-02-04 18:02:24.905956
1.0486217576098742,1.049621757609874,1.0476217576098743,1.0479393928879919,384,2026-02-04 19:02:24.905956
1.0495602376867958,1.0505602376867957,1.048560237686796,1.0497578556867375,721,2026-02-04 20:02:24.905956
1.0482267067187347,1.0492267067187346,1.0472267067187349,1.0480402996124396,536,2026-02-04 21:02:24.905956
1.0462419369359917,1.0472419369359915,1.0452419369359918,1.0464235069224792,411,2026-02-04 22:02:24.905956
1.0441002741266148,1.0451002741266147,1.0431002741266149,1.0439771180531858,776,2026-02-04 23:02:24.905956
1.044325475456225,1.045325475456225,1.0433254754562251,1.0446108831167653,669,2026-02-05 00:02:24.905956
1.0452263302332248,1.0462263302332246,1.0442263302332249,1.046078530291997,644,2026-02-05 01:02:24.905956
1.0454833918951512,1.046483391895151,1.0444833918951513,1.0456366492934084,971,2026-02-05 02:02:24.905956
1.044644511751772,1.0456445117517719,1.043644511751772,1.045596217351868,385,2026-02-05 03:02:24.905956
1.0444223823088217,1.0454223823088216,1.0434223823088218,1.043237324722827,814,2026-02-05 04:02:24.905956
1.04337861430383,1.0443786143038298,1.04237861430383,1.0437112366164265,689,2026-02-05 05:02:24.905956
1.0411156601736606,1.0421156601736605,1.0401156601736607,1.040367877264036,975,2026-02-05 06:02:24.905956
1.0410446540365088,1.0420446540365087,1.040044654036509,1.0416820111856009,997,2026-02-05 07:02:24.905956
1.040482858294725,1.0414828582947249,1.039482858294725,1.0397418659313338,800,2026-02-05 08:02:24.905956
1.039110013089019,1.0401100130890188,1.038110013089019,1.0390636197739094,373,2026-02-05 09:02:24.905956
1.0407126951638146,1.0417126951638145,1.0397126951638147,1.040261269727798,799,2026-02-05 10:02:24.905956
1.0412572266274362,1.0422572266274361,1.0402572266274364,1.0414007479199807,410,2026-02-05 11:02:24.905956
1.041921997855182,1.0429219978551818,1.040921997855182,1.0414255546987408,532,2026-02-05 12:02:24.905956
1.0407338328317508,1.0417338328317507,1.039733832831751,1.040958218123896,510,2026-02-05 13:02:24.905956
1.0399490306779582,1.040949030677958,1.0389490306779583,1.0397156771389702,964,2026-02-05 14:02:24.905956
1.0399936952064728,1.0409936952064727,1.038993695206473,1.0398802788943626,955,2026-02-05 15:02:24.905956
1.0394637181332205,1.0404637181332204,1.0384637181332206,1.0393047833564732,669,2026-02-05 16:02:24.905956
1.041217093741329,1.0422170937413289,1.040217093741329,1.041563168813665,218,2026-02-05 17:02:24.905956
1.0416336844739864,1.0426336844739863,1.0406336844739865,1.0413441358483713,879,2026-02-05 18:02:24.905956
1.0421115101464256,1.0431115101464254,1.0411115101464257,1.0422854168163422,313,2026-02-05 19:02:24.905956
1.0419951920301465,1.0429951920301463,1.0409951920301466,1.04211716183162,507,2026-02-05 20:02:24.905956
1.042561846390568,1.0435618463905678,1.041561846390568,1.042239202247161,239,2026-02-05 21:02:24.905956
1.043577686184526,1.044577686184526,1.0425776861845262,1.04405531173674,653,2026-02-05 22:02:24.905956
1.044641263629379,1.0456412636293788,1.043641263629379,1.044916704812804,594,2026-02-05 23:02:24.905956
1.0451294996044442,1.0461294996044441,1.0441294996044443,1.044997642495527,691,2026-02-06 00:02:24.905956
1.044467838709975,1.045467838709975,1.0434678387099752,1.0444473250716975,667,2026-02-06 01:02:24.905956
1.044617150548117,1.0456171505481169,1.043617150548117,1.0456176503992018,364,2026-02-06 02:02:24.905956
1.0441307771854431,1.045130777185443,1.0431307771854432,1.0441043955288276,451,2026-02-06 03:02:24.905956
1.0436716420970316,1.0446716420970314,1.0426716420970317,1.042652668903834,147,2026-02-06 04:02:24.905956
1.0432901508154988,1.0442901508154987,1.042290150815499,1.0428890404368896,273,2026-02-06 05:02:24.905956
1.043426529985733,1.044426529985733,1.0424265299857332,1.042561966973002,205,2026-02-06 06:02:24.905956
1.041816370675966,1.0428163706759659,1.040816370675966,1.0414831562945843,935,2026-02-06 07:02:24.905956
1.0405634330760525,1.0415634330760524,1.0395634330760526,1.0408483207416033,846,2026-02-06 08:02:24.905956
1.0416950446183186,1.0426950446183185,1.0406950446183187,1.0418430740741016,342,2026-02-06 09:02:24.905956
1.0424240185774025,1.0434240185774024,1.0414240185774026,1.0425897803187658,633,2026-02-06 10:02:24.905956
1.0426589393840497,1.0436589393840496,1.0416589393840499,1.0435203528999886,836,2026-02-06 11:02:24.905956
1.0432250002938517,1.0442250002938516,1.0422250002938518,1.0434601508657528,796,2026-02-06 12:02:24.905956
1.0435835061620768,1.0445835061620767,1.042583506162077,1.0426659572024224,757,2026-02-06 13:02:24.905956
1.043574265131589,1.0445742651315888,1.042574265131589,1.0442105839942437,660,2026-02-06 14:02:24.905956
1.0420713474773438,1.0430713474773436,1.0410713474773439,1.0413282890755435,196,2026-02-06 15:02:24.905956
1.0403163527405086,1.0413163527405085,1.0393163527405087,1.0400069283742712,839,2026-02-06 16:02:24.905956
1.0416354740046028,1.0426354740046027,1.0406354740046029,1.0412305713968635,498,2026-02-06 17:02:24.905956
1.0420223407874907,1.0430223407874906,1.0410223407874908,1.0415958376113534,296,2026-02-06 18:02:24.905956
1.043274534190351,1.044274534190351,1.0422745341903512,1.0418878176103143,616,2026-02-06 19:02:24.905956
1.04528309244601,1.0462830924460098,1.04428309244601,1.045547379224545,494,2026-02-06 20:02:24.905956
1.0456608822294589,1.0466608822294587,1.044660882229459,1.0460463729179323,500,2026-02-06 21:02:24.905956
1.0469753098580865,1.0479753098580864,1.0459753098580866,1.046334377030713,206,2026-02-06 22:02:24.905956
1.0466735825390463,1.0476735825390462,1.0456735825390464,1.04791858319788,847,2026-02-06 23:02:24.905956
1.047387503212478,1.0483875032124779,1.046387503212478,1.0474536410869935,479,2026-02-07 00:02:24.905956
1.0493483840970408,1.0503483840970407,1.048348384097041,1.0495336033751659,876,2026-02-07 01:02:24.905956
1.0512261602211335,1.0522261602211334,1.0502261602211336,1.051022836008268,447,2026-02-07 02:02:24.905956
1.052076207680927,1.0530762076809268,1.051076207680927,1.052080949712811,687,2026-02-07 03:02:24.905956
1.0522571505341403,1.0532571505341402,1.0512571505341404,1.0514393235099357,312,2026-02-07 04:02:24.905956
1.0514617329044151,1.052461732904415,1.0504617329044152,1.0514745085467498,754,2026-02-07 05:02:24.905956
1.0524673435997582,1.0534673435997581,1.0514673435997584,1.052795086196922,769,2026-02-07 06:02:24.905956
1.0528035649094918,1.0538035649094917,1.051803564909492,1.0534436218624679,936,2026-02-07 07:02:24.905956
1.0548224538255613,1.0558224538255612,1.0538224538255614,1.0551830127663733,133,2026-02-07 08:02:24.905956
1.055202415019199,1.0562024150191989,1.054202415019199,1.056242593708674,744,2026-02-07 09:02:24.905956
1.0548822637687671,1.055882263768767,1.0538822637687673,1.0549600538426203,785,2026-02-07 10:02:24.905956
1.055978497449491,1.056978497449491,1.0549784974494911,1.0557994795312604,569,2026-02-07 11:02:24.905956
1.0552526416926393,1.0562526416926392,1.0542526416926394,1.0549033558630494,386,2026-02-07 12:02:24.905956
1.0555193991997256,1.0565193991997255,1.0545193991997257,1.0564012759431327,958,2026-02-07 13:02:24.905956
1.0566910307960204,1.0576910307960203,1.0556910307960206,1.0563341505436339,615,2026-02-07 14:02:24.905956
1.05618864870348,1.0571886487034798,1.05518864870348,1.0564407395422917,298,2026-02-07 15:02:24.905956
1.0567777546597341,1.057777754659734,1.0557777546597342,1.0564214079717116,735,2026-02-07 16:02:24.905956
1.0550283985344673,1.0560283985344672,1.0540283985344674,1.0541826209014442,739,2026-02-07 17:02:24.905956
1.055535999512501,1.056535999512501,1.0545359995125012,1.0537090884464901,970,2026-02-07 18:02:24.905956
1.0562146654974145,1.0572146654974144,1.0552146654974146,1.056558100341447,511,2026-02-07 19:02:24.905956
1.055710305410272,1.056710305410272,1.0547103054102722,1.0563238652991043,250,2026-02-07 20:02:24.905956
1.0538329398643567,1.0548329398643566,1.0528329398643568,1.053809149536989,182,2026-02-07 21:02:24.905956
1.0541804955370426,1.0551804955370425,1.0531804955370427,1.0543519948386326,168,2026-02-07 22:02:24.905956
1.05497408766184,1.05597408766184,1.0539740876618402,1.0554049671708627,615,2026-02-07 23:02:24.905956
1.0545013244186843,1.0555013244186842,1.0535013244186844,1.0543561246791449,401,2026-02-08 00:02:24.905956
1.0539375016662447,1.0549375016662446,1.0529375016662448,1.0539119162795667,937,2026-02-08 01:02:24.905956
1.0549696444339,1.0559696444339,1.0539696444339002,1.05514485818326,441,2026-02-08 02:02:24.905956
1.05499655839586,1.05599655839586,1.0539965583958602,1.0545682022206486,227,2026-02-08 03:02:24.905956
1.0559324042807665,1.0569324042807664,1.0549324042807666,1.055687592234803,215,2026-02-08 04:02:24.905956
1.055518829859534,1.0565188298595338,1.054518829859534,1.0551112139799945,403,2026-02-08 05:02:24.905956
1.0553217836603603,1.0563217836603602,1.0543217836603604,1.0550073041167771,956,2026-02-08 06:02:24.905956
1.0555493866979235,1.0565493866979234,1.0545493866979236,1.0561235943280614,528,2026-02-08 07:02:24.905956
1.0552864429171789,1.0562864429171788,1.054286442917179,1.0558106925511632,632,2026-02-08 08:02:24.905956
1.0555133993777597,1.0565133993777596,1.0545133993777598,1.055355519941405,546,2026-02-08 09:02:24.905956
1.0556602997321212,1.056660299732121,1.0546602997321213,1.0550166208592604,848,2026-02-08 10:02:24.905956
1.0548329831750904,1.0558329831750903,1.0538329831750906,1.0540651286642224,140,2026-02-08 11:02:24.905956
1.0543842529870229,1.0553842529870228,1.053384252987023,1.0547214800863935,960,2026-02-08 12:02:24.905956
1.055205956128182,1.0562059561281818,1.054205956128182,1.0545533211798648,644,2026-02-08 13:02:24.905956
1.0532492348222555,1.0542492348222554,1.0522492348222556,1.0533551357776865,508,2026-02-08 14:02:24.905956
1.054485590540942,1.055485590540942,1.0534855905409422,1.054095745544702,726,2026-02-08 15:02:24.905956
1.0548526715507944,1.0558526715507943,1.0538526715507945,1.054372796701942,466,2026-02-08 16:02:24.905956
1.0552705941470817,1.0562705941470816,1.0542705941470818,1.0552753946803255,175,2026-02-08 17:02:24.905956
1.0543164781459242,1.055316478145924,1.0533164781459243,1.0544156474096245,529,2026-02-08 18:02:24.905956
1.0551166854663059,1.0561166854663058,1.054116685466306,1.0545138270858887,236,2026-02-08 19:02:24.905956
1.054057126080351,1.055057126080351,1.0530571260803512,1.054144653705263,385,2026-02-08 20:02:24.905956
1.0540648175049183,1.0550648175049182,1.0530648175049184,1.0538115148366032,729,2026-02-08 21:02:24.905956
1.0557942055211,1.0567942055211,1.0547942055211001,1.0557490249791142,145,2026-02-08 22:02:24.905956
1.0565390081836854,1.0575390081836853,1.0555390081836855,1.0563229145053326,294,2026-02-08 23:02:24.905956
1.0573415779021391,1.058341577902139,1.0563415779021392,1.0566244483236262,910,2026-02-09 00:02:24.905956
1.0580462784114495,1.0590462784114494,1.0570462784114496,1.0580573240037716,360,2026-02-09 01:02:24.905956
1.0589599304913389,1.0599599304913387,1.057959930491339,1.0587985938736688,369,2026-02-09 02:02:24.905956
1.060105770717659,1.061105770717659,1.0591057707176592,1.060209550623723,897,2026-02-09 03:02:24.905956
1.0603445229068245,1.0613445229068244,1.0593445229068246,1.0608929807562846,324,2026-02-09 04:02:24.905956
1.0602313228039408,1.0612313228039407,1.059231322803941,1.0602615875308299,138,2026-02-09 05:02:24.905956
1.0617371720064723,1.0627371720064722,1.0607371720064724,1.0620325013381575,504,2026-02-09 06:02:24.905956
1.0617500321401139,1.0627500321401138,1.060750032140114,1.0615362801321868,174,2026-02-09 07:02:24.905956
1.063514591088085,1.0645145910880849,1.062514591088085,1.0635752003530339,421,2026-02-09 08:02:24.905956
1.063513648874953,1.064513648874953,1.0625136488749531,1.0634330468242976,757,2026-02-09 09:02:24.905956
1.0638657495658832,1.064865749565883,1.0628657495658833,1.0643541811680148,312,2026-02-09 10:02:24.905956
1.0638386467931782,1.064838646793178,1.0628386467931783,1.0633533215224833,881,2026-02-09 11:02:24.905956
1.0641523898703962,1.065152389870396,1.0631523898703963,1.0640541290183974,294,2026-02-09 12:02:24.905956
1.0645112360803872,1.0655112360803871,1.0635112360803873,1.06478843727256,271,2026-02-09 13:02:24.905956
1.0650024249503542,1.0660024249503541,1.0640024249503544,1.0652589033009385,758,2026-02-09 14:02:24.905956
1.0650167116310856,1.0660167116310855,1.0640167116310857,1.064954578801842,204,2026-02-09 15:02:24.905956
1.063802100197157,1.0648021001971568,1.062802100197157,1.0639350128253038,167,2026-02-09 16:02:24.905956
1.0643335259791447,1.0653335259791445,1.0633335259791448,1.0642980271554192,207,2026-02-09 17:02:24.905956
1.0652539109223629,1.0662539109223628,1.064253910922363,1.0648354115892011,535,2026-02-09 18:02:24.905956
1.0652702556615017,1.0662702556615016,1.0642702556615018,1.0655547974001378,273,2026-02-09 19:02:24.905956
1.0663125816859929,1.0673125816859927,1.065312581685993,1.0654048775370581,426,2026-02-09 20:02:24.905956
1.066238637944702,1.0672386379447019,1.065238637944702,1.0654089699413762,460,2026-02-09 21:02:24.905956
1.0670902017520438,1.0680902017520437,1.066090201752044,1.0672643752077378,232,2026-02-09 22:02:24.905956
1.0672699711209443,1.0682699711209442,1.0662699711209445,1.0668816720813927,895,2026-02-09 23:02:24.905956
1.065261208687902,1.066261208687902,1.0642612086879022,1.0654037677266612,983,2026-02-10 00:02:24.905956
1.066197268873597,1.067197268873597,1.0651972688735971,1.0661568736929592,794,2026-02-10 01:02:24.905956
1.0666346846811412,1.067634684681141,1.0656346846811413,1.066096077536205,978,2026-02-10 02:02:24.905956
1.0665170179427663,1.0675170179427662,1.0655170179427664,1.0664431932588005,218,2026-02-10 03:02:24.905956
1.0657376678448134,1.0667376678448133,1.0647376678448135,1.0656186834622594,363,2026-02-10 04:02:24.905956
1.0667977949426706,1.0677977949426705,1.0657977949426707,1.0666020233224405,947,2026-02-10 05:02:24.905956
1.0674731425767365,1.0684731425767364,1.0664731425767366,1.067188905412413,690,2026-02-10 06:02:24.905956
1.0663877282508067,1.0673877282508066,1.0653877282508069,1.066066550836735,855,2026-02-10 07:02:24.905956
1.0649655074524895,1.0659655074524894,1.0639655074524896,1.064571952645963,520,2026-02-10 08:02:24.905956
1.0667317457294827,1.0677317457294826,1.0657317457294828,1.067419995198111,661,2026-02-10 09:02:24.905956
1.065959735137649,1.066959735137649,1.0649597351376492,1.065732563471728,996,2026-02-10 10:02:24.905956
1.0674550374177423,1.0684550374177422,1.0664550374177424,1.0672926064106931,737,2026-02-10 11:02:24.905956
1.0691815376077416,1.0701815376077415,1.0681815376077417,1.0694334034156074,761,2026-02-10 12:02:24.905956
1.069997480492801,1.0709974804928009,1.068997480492801,1.0702391155501072,713,2026-02-10 13:02:24.905956
1.0712659935847326,1.0722659935847325,1.0702659935847327,1.0716505601027255,584,2026-02-10 14:02:24.905956
1.0708099181929938,1.0718099181929936,1.0698099181929939,1.070242115186489,982,2026-02-10 15:02:24.905956
1.0717278697907116,1.0727278697907114,1.0707278697907117,1.0712119158666649,318,2026-02-10 16:02:24.905956
1.0729058335975081,1.073905833597508,1.0719058335975082,1.0725201110741385,907,2026-02-10 17:02:24.905956
1.075066616676274,1.0760666166762738,1.074066616676274,1.0747439730642092,598,2026-02-10 18:02:24.905956
1.076140708984999,1.077140708984999,1.0751407089849991,1.0763272681285032,427,2026-02-10 19:02:24.905956
1.076726303586829,1.077726303586829,1.0757263035868292,1.076805441728376,398,2026-02-10 20:02:24.905956
1.0783555987532607,1.0793555987532606,1.0773555987532608,1.0784843032499958,549,2026-02-10 21:02:24.905956
1.0785428409129338,1.0795428409129337,1.077542840912934,1.0783569812766598,937,2026-02-10 22:02:24.905956
1.0783484551541676,1.0793484551541674,1.0773484551541677,1.0782490908556754,611,2026-02-10 23:02:24.905956
1.07760459639365,1.07860459639365,1.0766045963936501,1.0779893569897172,159,2026-02-11 00:02:24.905956
1.0779357934133347,1.0789357934133346,1.0769357934133348,1.0774586620634403,822,2026-02-11 01:02:24.905956
1.0789472597094811,1.079947259709481,1.0779472597094812,1.0794807777756399,210,2026-02-11 02:02:24.905956
1.078185546783439,1.0791855467834388,1.077185546783439,1.0779543263498728,234,2026-02-11 03:02:24.905956
1.0766300703813623,1.0776300703813622,1.0756300703813624,1.0769616882950246,949,2026-02-11 04:02:24.905956
1.0765942853303423,1.0775942853303422,1.0755942853303424,1.0751588642787895,625,2026-02-11 05:02:24.905956
1.0763316638974354,1.0773316638974353,1.0753316638974355,1.0763056418265775,887,2026-02-11 06:02:24.905956
1.0763785790585234,1.0773785790585233,1.0753785790585235,1.0765419758680796,996,2026-02-11 07:02:24.905956
1.0780060977703703,1.0790060977703702,1.0770060977703704,1.0775095309312417,616,2026-02-11 08:02:24.905956
1.0795552695907522,1.080555269590752,1.0785552695907523,1.0794075452326104,686,2026-02-11 09:02:24.905956
1.0783650844437516,1.0793650844437515,1.0773650844437517,1.0785099281560027,933,2026-02-11 10:02:24.905956
1.0783569424224653,1.0793569424224652,1.0773569424224654,1.0789845054579426,399,2026-02-11 11:02:24.905956
1.0804581185622928,1.0814581185622927,1.079458118562293,1.0800868620145545,751,2026-02-11 12:02:24.905956
1.0795258518345903,1.0805258518345902,1.0785258518345904,1.0802019662145088,888,2026-02-11 13:02:24.905956
1.080202056679054,1.081202056679054,1.0792020566790541,1.0802312545644341,907,2026-02-11 14:02:24.905956
1.0801613309674925,1.0811613309674923,1.0791613309674926,1.080354037619633,974,2026-02-11 15:02:24.905956
1.0805430304307768,1.0815430304307767,1.079543030430777,1.0800020364558083,699,2026-02-11 16:02:24.905956
1.0815821321304007,1.0825821321304006,1.0805821321304008,1.0811033089859978,583,2026-02-11 17:02:24.905956
1.0806508420451517,1.0816508420451516,1.0796508420451518,1.0813080508924577,744,2026-02-11 18:02:24.905956
1.07952716185181,1.08052716185181,1.0785271618518102,1.079397378253901,659,2026-02-11 19:02:24.905956
1.0790919373659478,1.0800919373659477,1.0780919373659479,1.0785438420378537,666,2026-02-11 20:02:24.905956
1.079347604529511,1.0803476045295108,1.078347604529511,1.08003081863332,486,2026-02-11 21:02:24.905956
1.078401487900147,1.0794014879001468,1.077401487900147,1.078514797216261,226,2026-02-11 22:02:24.905956
1.0795572642700542,1.080557264270054,1.0785572642700543,1.0799083560683047,907,2026-02-11 23:02:24.905956
1.0789308671684414,1.0799308671684413,1.0779308671684416,1.0792572567299181,457,2026-02-12 00:02:24.905956
1.0779356799644537,1.0789356799644536,1.0769356799644538,1.07789887773531,775,2026-02-12 01:02:24.905956
1.0768950724431794,1.0778950724431793,1.0758950724431795,1.07666645055344,732,2026-02-12 02:02:24.905956
1.075959832939836,1.076959832939836,1.0749598329398362,1.0758088366892626,858,2026-02-12 03:02:24.905956
1.0754318265866878,1.0764318265866877,1.074431826586688,1.0766403535200493,433,2026-02-12 04:02:24.905956
1.0748744561544585,1.0758744561544584,1.0738744561544586,1.074653729952799,343,2026-02-12 05:02:24.905956
1.0756309405906006,1.0766309405906005,1.0746309405906007,1.0759974588288028,207,2026-02-12 06:02:24.905956
1.077165825137462,1.078165825137462,1.0761658251374622,1.0767256088664903,902,2026-02-12 07:02:24.905956
1.0766865442520686,1.0776865442520684,1.0756865442520687,1.0771053660239627,782,2026-02-12 08:02:24.905956
1.0764384103637157,1.0774384103637156,1.0754384103637158,1.0757355928869794,472,2026-02-12 09:02:24.905956
1.0746179350926492,1.0756179350926491,1.0736179350926494,1.0747412263184424,961,2026-02-12 10:02:24.905956
1.0733073800232833,1.0743073800232832,1.0723073800232834,1.0740131900637002,444,2026-02-12 11:02:24.905956
1.0733459038212523,1.0743459038212522,1.0723459038212524,1.073196910760096,766,2026-02-12 12:02:24.905956
1.0731314776113445,1.0741314776113444,1.0721314776113446,1.072905666044157,307,2026-02-12 13:02:24.905956
1.0726269978651504,1.0736269978651503,1.0716269978651505,1.0721165053149098,706,2026-02-12 14:02:24.905956
1.0728788879829136,1.0738788879829135,1.0718788879829138,1.073833693808311,909,2026-02-12 15:02:24.905956
1.0731484146042813,1.0741484146042812,1.0721484146042815,1.072481200074161,823,2026-02-12 16:02:24.905956
1.0742268465368152,1.075226846536815,1.0732268465368153,1.0738694707859247,139,2026-02-12 17:02:24.905956
1.0747041293170705,1.0757041293170704,1.0737041293170706,1.0747974874702153,369,2026-02-12 18:02:24.905956
1.0756599605861352,1.0766599605861351,1.0746599605861353,1.074712840508439,121,2026-02-12 19:02:24.905956
1.073478312908503,1.074478312908503,1.0724783129085032,1.0738829322722658,421,2026-02-12 20:02:24.905956
1.0736966460089359,1.0746966460089358,1.072696646008936,1.0747143473831766,172,2026-02-12 21:02:24.905956
1.0739567074818335,1.0749567074818334,1.0729567074818336,1.0736139488816192,863,2026-02-12 22:02:24.905956
1.0739183042593,1.0749183042592998,1.0729183042593,1.0746211518003614,669,2026-02-12 23:02:24.905956
1.073164972575062,1.074164972575062,1.0721649725750622,1.0731531833110346,310,2026-02-13 00:02:24.905956
1.071201636581922,1.0722016365819218,1.070201636581922,1.0711069612413777,536,2026-02-13 01:02:24.905956
1.072045668509919,1.0730456685099188,1.071045668509919,1.0726364062298628,986,2026-02-13 02:02:24.905956
1.0722333319229596,1.0732333319229594,1.0712333319229597,1.0726759943721393,223,2026-02-13 03:02:24.905956
1.0727462413755777,1.0737462413755776,1.0717462413755778,1.0725403019123019,153,2026-02-13 04:02:24.905956
1.0719625112609639,1.0729625112609638,1.070962511260964,1.0717411655416926,582,2026-02-13 05:02:24.905956
1.0731095630022716,1.0741095630022715,1.0721095630022717,1.0726184449297684,931,2026-02-13 06:02:24.905956
1.0728911358356519,1.0738911358356518,1.071891135835652,1.0739832378596352,559,2026-02-13 07:02:24.905956
1.0710791079417938,1.0720791079417937,1.070079107941794,1.0705449615237597,528,2026-02-13 08:02:24.905956
1.0699708422205418,1.0709708422205417,1.068970842220542,1.0704282287753657,465,2026-02-13 09:02:24.905956
1.0694449138690716,1.0704449138690715,1.0684449138690717,1.0691053562465254,675,2026-02-13 10:02:24.905956
1.0694566014260491,1.070456601426049,1.0684566014260493,1.0694737992442855,103,2026-02-13 11:02:24.905956
1.0709617964755398,1.0719617964755397,1.06996179647554,1.0717501786514925,779,2026-02-13 12:02:24.905956
1.0718514362626044,1.0728514362626043,1.0708514362626045,1.0727431524139794,543,2026-02-13 13:02:24.905956
1.0711887497052415,1.0721887497052414,1.0701887497052416,1.0716884622428933,645,2026-02-13 14:02:24.905956
1.072495256801421,1.0734952568014209,1.071495256801421,1.0721048924163927,883,2026-02-13 15:02:24.905956
